Date,Temperature,Humidity,Weather_Condition
2018-01-01,28.82026172983832,96.11319151065543,Windy
2018-01-02,22.000786041836115,80.98652974288078,Windy
2018-01-03,24.893689920528697,66.17171003726338,Snowy
2018-01-04,31.20446599600729,84.40349098824083,Windy
2018-01-05,29.337789950749837,38.62257541981528,Cloudy
2018-01-06,15.113610600617946,62.51432472545896,Windy
2018-01-07,24.750442087627945,38.27652901151064,Windy
2018-01-08,19.24321395851151,46.3532701513706,Foggy
2018-01-09,19.48390574103221,39.930708181818105,Snowy
2018-01-10,22.05299250969186,55.32608674183975,Windy
2018-01-11,20.72021785580439,56.714752427714814,Sunny
2018-01-12,27.271367534814875,96.31160072832687,Cloudy
2018-01-13,23.805188625734967,48.48880118312705,Cloudy
2018-01-14,20.608375082464143,63.07001917215618,Cloudy
2018-01-15,22.21931616372713,86.79655827744406,Sunny
2018-01-16,21.668371636871335,87.09323105056632,Rainy
2018-01-17,27.47039536578803,82.52402309245142,Snowy
2018-01-18,18.974208681170996,50.14836334980511,Rainy
2018-01-19,21.565338508254506,64.648013358795,Foggy
2018-01-20,15.729521303491376,43.03481166307063,Rainy
2018-01-21,7.235050920829607,43.18796659479629,Sunny
2018-01-22,23.268092977201803,60.50888491968176,Foggy
2018-01-23,24.32218099429753,81.70145548700589,Cloudy
2018-01-24,16.28917489796779,66.86089819984865,Windy
2018-01-25,31.348773119938038,92.06782545932165,Snowy
2018-01-26,12.728171627006176,88.16361584443031,Cloudy
2018-01-27,20.22879258650723,32.21238099742839,Windy
2018-01-28,19.064080749870833,69.78933300063512,Windy
2018-01-29,27.663896071792287,72.64128850489502,Cloudy
2018-01-30,27.346793849501424,97.31026010100571,Snowy
2018-01-31,20.77473712848458,31.62656386962032,Snowy
2018-02-01,21.890812598010868,67.17726396780402,Sunny
2018-02-02,15.561071261849436,44.334695335509664,Cloudy
2018-02-03,10.096017658880365,33.75640344041123,Sunny
2018-02-04,18.26043925336924,71.12419673122062,Rainy
2018-02-05,20.7817448455199,84.08229005429618,Rainy
2018-02-06,26.151453403638605,84.24058144576315,Cloudy
2018-02-07,26.011899243922056,32.120188710913474,Sunny
2018-02-08,18.06336591296024,58.486248019011256,Snowy
2018-02-09,18.488486247123323,33.115673900403436,Cloudy
2018-02-10,14.757235174664537,47.34870528935388,Snowy
2018-02-11,12.899910314105124,43.50164919305638,Sunny
2018-02-12,11.468649046874937,45.062780546951004,Sunny
2018-02-13,29.75387697615895,53.738288982417004,Cloudy
2018-02-14,17.451739091241734,49.41926292851988,Snowy
2018-02-15,17.809628491944068,97.35959379293188,Sunny
2018-02-16,13.736023199750369,54.668498400656745,Snowy
2018-02-17,23.88745177915955,92.59207607050803,Sunny
2018-02-18,11.930510762210243,42.67291700646476,Foggy
2018-02-19,18.936298598930158,83.462280703175,Foggy
2018-02-20,15.522667194031623,34.29418752172499,Snowy
2018-02-21,21.93451248929631,62.39328606285389,Windy
2018-02-22,17.445974312155634,30.385730816486817,Sunny
2018-02-23,14.096839079387939,86.72035341486053,Snowy
2018-02-24,19.859088858306727,96.53402252264488,Snowy
2018-02-25,22.141659352652088,32.4575159579002,Windy
2018-02-26,20.33258611191584,95.36924530313202,Rainy
2018-02-27,21.512359488698905,84.1697724043947,Snowy
2018-02-28,16.82838953159518,55.120310515495675,Sunny
2018-03-01,18.186294170064308,93.62135858559637,Rainy
2018-03-02,16.637697761120243,50.73800898756306,Snowy
2018-03-03,18.202234192297293,58.65067185643334,Foggy
2018-03-04,15.93426858977773,36.76978835344151,Rainy
2018-03-05,11.368586988341615,75.98572733301009,Rainy
2018-03-06,20.887130711268764,32.07205801195903,Cloudy
2018-03-07,17.991095318958692,63.94336926393261,Sunny
2018-03-08,11.849008265169777,77.82342951767737,Sunny
2018-03-09,22.313911277628872,87.48663206643776,Windy
2018-03-10,15.463508178083789,40.49589727351635,Rainy
2018-03-11,20.259726978980694,82.78632563741021,Snowy
2018-03-12,23.645452810887683,80.33539164885207,Snowy
2018-03-13,20.644914553787054,69.1699373883849,Foggy
2018-03-14,25.697003422716502,70.92512184515049,Foggy
2018-03-15,13.825870898231738,36.38895045997447,Snowy
2018-03-16,22.011708205887746,72.03297302682662,Rainy
2018-03-17,16.575949545298435,56.70655449495826,Cloudy
2018-03-18,15.646014254090591,90.73065959391529,Snowy
2018-03-19,17.105751676177924,51.916921721519316,Rainy
2018-03-20,18.442237339363135,70.36165541544673,Rainy
2018-03-21,20.280826711148727,59.85999797908361,Foggy
2018-03-22,14.174250796083218,91.33833567752191,Rainy
2018-03-23,24.504132434770938,47.77416668924323,Windy
2018-03-24,22.3283121986523,35.51616522166223,Foggy
2018-03-25,12.31878156861388,82.40590046881977,Snowy
2018-03-26,27.441260968978,58.90276318358251,Foggy
2018-03-27,29.479445880152916,71.2368851388404,Cloudy
2018-03-28,25.893897855798254,31.84725321993458,Rainy
2018-03-29,19.100375820938247,96.64768539781814,Foggy
2018-03-30,14.646236892447288,91.43328641694836,Rainy
2018-03-31,25.272258634655685,73.67075304040942,Sunny
2018-04-01,17.9841152651341,31.192088947883263,Cloudy
2018-04-02,26.112225351912137,56.45835317880136,Foggy
2018-04-03,21.0413748903843,98.51575764195043,Windy
2018-04-04,24.883195182418564,77.69312511181641,Cloudy
2018-04-05,21.78183198587201,41.26915029193934,Rainy
2018-04-06,23.53286584095974,62.24177240581504,Cloudy
2018-04-07,20.052500103604103,97.67164206904403,Sunny
2018-04-08,28.929352469529178,67.42957220916153,Cloudy
2018-04-09,20.6345604635181,31.72301696208772,Foggy
2018-04-10,22.009946817223508,73.38404589931844,Sunny
2018-04-11,29.41575348528127,48.98515716518119,Rainy
2018-04-12,13.261204694287768,36.91921663138331,Sunny
2018-04-13,13.647575007571332,58.203591131232514,Windy
2018-04-14,24.846983540790056,69.09661682025714,Cloudy
2018-04-15,14.1343829744292,31.19285026334619,Rainy
2018-04-16,29.718105928246462,69.13327660451633,Foggy
2018-04-17,17.931905096201262,65.78422027877463,Windy
2018-04-18,16.262725942796212,85.5735868169132,Cloudy
2018-04-19,29.614710132401925,59.6484871770778,Snowy
2018-04-20,27.402573957172123,68.74153007689203,Foggy
2018-04-21,29.337794802132848,81.94065128399885,Windy
2018-04-22,24.530223291376927,92.80021102473619,Cloudy
2018-04-23,15.693871574726487,56.60242032165813,Foggy
2018-04-24,29.55032476549517,72.11434470482025,Rainy
2018-04-25,18.659983145243096,78.62276323914672,Snowy
2018-04-26,24.012281978981974,33.02894735095373,Cloudy
2018-04-27,24.73625983886874,86.05323559402945,Foggy
2018-04-28,19.22494953454583,56.420112965077564,Windy
2018-04-29,23.0703968517304,76.91672590105269,Rainy
2018-04-30,24.611033357832632,63.01648463434643,Windy
2018-05-01,21.88212765577815,79.16373998841951,Rainy
2018-05-02,14.502996047079026,80.70316854650453,Snowy
2018-05-03,21.49119087103028,43.409970944052716,Snowy
2018-05-04,26.63192948343515,76.35219640005153,Snowy
2018-05-05,16.527160701343174,89.59264065174611,Foggy
2018-05-06,19.251827298361647,46.48970403534824,Cloudy
2018-05-07,17.82423224139181,83.07284289257146,Foggy
2018-05-08,29.24631864239671,74.36775792086564,Windy
2018-05-09,23.361473785062177,96.85882241307947,Sunny
2018-05-10,22.03730918120555,48.21726041042326,Foggy
2018-05-11,16.150419627773417,40.79944443606025,Rainy
2018-05-12,22.696245956459087,51.848471069719,Snowy
2018-05-13,16.62833669671312,48.05711447385431,Windy
2018-05-14,20.159152791371756,82.9782932331459,Foggy
2018-05-15,16.820769608105596,81.31765126927587,Snowy
2018-05-16,23.3821664747325,76.87794305987336,Snowy
2018-05-17,22.882954083074704,45.14653801209415,Snowy
2018-05-18,18.958506222110024,90.32647652073628,Windy
2018-05-19,21.980033563308226,96.96000891012494,Rainy
2018-05-20,14.534692456347472,67.21240726760512,Snowy
2018-05-21,12.543712036471973,75.45609114405701,Snowy
2018-05-22,22.196958506322684,65.04844693143934,Rainy
2018-05-23,20.833367476862644,49.84904005718227,Rainy
2018-05-24,23.17515718446053,50.03033227976229,Cloudy
2018-05-25,31.91572387431971,51.93943659144392,Snowy
2018-05-26,24.722397434952068,43.359500291490775,Foggy
2018-05-27,15.435888872779207,93.13465428405223,Cloudy
2018-05-28,25.585081440479264,90.08786938326801,Rainy
2018-05-29,13.420462947442395,62.31475529231857,Snowy
2018-05-30,17.692076975926454,55.70759887921193,Sunny
2018-05-31,19.658791973376843,95.73548495829691,Snowy
2018-06-01,28.566713608246832,45.56614284629671,Foggy
2018-06-02,16.2762258897578,68.74793716267612,Foggy
2018-06-03,15.867807306704929,33.814870887951386,Windy
2018-06-04,19.50773737787284,43.38415379122143,Cloudy
2018-06-05,16.682608568189462,72.28188533516568,Sunny
2018-06-06,25.633179610532537,76.35285569909188,Cloudy
2018-06-07,14.600342458182883,70.66970730712677,Snowy
2018-06-08,14.262656737944488,90.87209911995029,Snowy
2018-06-09,17.81089977627783,99.53836545759229,Cloudy
2018-06-10,17.509837746538476,83.47032895070379,Rainy
2018-06-11,29.64766026908493,62.55642489006312,Foggy
2018-06-12,24.747104034628805,88.37542686178719,Snowy
2018-06-13,20.437756206925954,38.42711759162012,Cloudy
2018-06-14,13.87282240584916,77.82894875121508,Sunny
2018-06-15,24.221814882007735,66.28364512174038,Foggy
2018-06-16,14.998923263052177,42.46461203790029,Foggy
2018-06-17,12.276144516111941,98.10535320961498,Cloudy
2018-06-18,25.94014896176151,53.69061938451233,Cloudy
2018-06-19,21.58471305962425,73.07963841743684,Sunny
2018-06-20,24.604294118904093,91.50159662674665,Sunny
2018-06-21,21.593638264715107,65.46821907403745,Foggy
2018-06-22,24.284153059513457,38.059649512350234,Windy
2018-06-23,16.744872033499266,87.3117359043103,Foggy
2018-06-24,14.828785791077676,54.724963694116035,Snowy
2018-06-25,23.407972591408136,98.81468082242871,Windy
2018-06-26,15.982951679130794,91.86778125111906,Sunny
2018-06-27,16.552251111248996,89.741453334427,Rainy
2018-06-28,17.722337482413284,54.93772242765296,Cloudy
2018-06-29,20.087395795125282,82.9990844466346,Cloudy
2018-06-30,18.23003044373258,99.04303441011122,Cloudy
2018-07-01,13.125243532909906,66.84251283659319,Windy
2018-07-02,16.78190798583555,62.95125084686621,Windy
2018-07-03,8.882984238877867,31.026607468044958,Foggy
2018-07-04,23.126157255135936,79.01426381144555,Sunny
2018-07-05,11.989711721966263,90.09342980212978,Rainy
2018-07-06,14.478083302857748,47.322003025728094,Windy
2018-07-07,20.26082539630487,52.05172039802598,Foggy
2018-07-08,16.302185018043435,65.04739149283095,Foggy
2018-07-09,27.715072977033678,35.04561101530618,Sunny
2018-07-10,13.535715451382757,36.27497332691159,Foggy
2018-07-11,21.335254346745913,59.47775312216565,Rainy
2018-07-12,19.803585908862523,48.28532668923951,Sunny
2018-07-13,14.159532511294014,58.422611177293795,Snowy
2018-07-14,22.616383302658768,61.80704086699566,Cloudy
2018-07-15,19.14226834388876,98.33913777173827,Rainy
2018-07-16,23.858952756068337,96.09818740719861,Cloudy
2018-07-17,24.117520769818658,39.781110607783624,Rainy
2018-07-18,30.81617974640345,91.78101816125725,Cloudy
2018-07-19,26.68263974718196,35.6144663631055,Foggy
2018-07-20,18.154090810287784,65.53448288024279,Windy
2018-07-21,18.80310411212037,41.47369300768358,Windy
2018-07-22,25.498297979435566,55.61245017498538,Rainy
2018-07-23,23.27631865361299,82.03381579540653,Cloudy
2018-07-24,23.20065763048796,59.715383554979496,Rainy
2018-07-25,11.915219778445827,86.48659012999336,Foggy
2018-07-26,19.87836937800532,80.31709977262793,Windy
2018-07-27,16.309845453971555,95.99876123477114,Cloudy
2018-07-28,21.39962299521619,67.39092144101141,Cloudy
2018-07-29,19.50924805178521,86.15035677914567,Foggy
2018-07-30,24.55089454046296,52.60349744359363,Windy
2018-07-31,21.58609107595651,54.20220915629052,Snowy
2018-08-01,23.93163981054488,58.03573245070538,Cloudy
2018-08-02,17.667904516320284,58.76410140086623,Windy
2018-08-03,15.277768720408748,37.227725446618216,Snowy
2018-08-04,17.949751533987257,66.33692575323045,Sunny
2018-08-05,19.914897930692796,36.77622534883179,Rainy
2018-08-06,21.895758677775408,92.28334950738349,Foggy
2018-08-07,31.29654475345426,34.32913482563052,Cloudy
2018-08-08,19.788714241696788,61.47861012165161,Sunny
2018-08-09,15.220274997536116,49.92858464733013,Snowy
2018-08-10,18.270091121503068,40.840859095813535,Cloudy
2018-08-11,17.68202012676953,84.86856835895486,Sunny
2018-08-12,22.40740736886731,80.0452679243668,Sunny
2018-08-13,12.296014927776877,40.216352312705915,Windy
2018-08-14,20.316309971001658,74.2935948774417,Foggy
2018-08-15,20.782532689826876,85.47886171313122,Cloudy
2018-08-16,21.16090518100138,84.13325542589209,Rainy
2018-08-17,17.013419655173188,36.45957183643531,Foggy
2018-08-18,18.810391351319964,77.98589033320434,Rainy
2018-08-19,12.879695455087342,80.12167446185039,Cloudy
2018-08-20,17.533400583189028,90.35163869294192,Cloudy
2018-08-21,17.28569261991641,65.56310372054907,Rainy
2018-08-22,22.080250231307126,62.27658002123501,Cloudy
2018-08-23,14.219087840890436,97.5581427443629,Sunny
2018-08-24,23.905990508549966,85.75585790171274,Sunny
2018-08-25,27.472422722456844,69.11116935645424,Cloudy
2018-08-26,9.650074874932336,53.143194991789564,Windy
2018-08-27,22.131293653890506,89.16665972024575,Cloudy
2018-08-28,23.384540175151226,61.88054726250833,Cloudy
2018-08-29,16.812814872238853,36.487963451071245,Rainy
2018-08-30,18.01364092835601,61.843299089940786,Snowy
2018-08-31,19.335597112065223,91.03778773051025,Snowy
2018-09-01,18.51104560299136,61.379750282611184,Sunny
2018-09-02,18.45493515476439,31.00444034182451,Windy
2018-09-03,11.619980968350117,72.80397267415287,Sunny
2018-09-04,25.7616578239156,99.70810023879791,Windy
2018-09-05,25.398092960184105,87.20740088283583,Snowy
2018-09-06,15.933178703978985,73.20665626327036,Foggy
2018-09-07,12.66787836098743,94.00792207585195,Foggy
2018-09-08,22.60532438226379,86.95071771557434,Windy
2018-09-09,17.121060150934667,64.90475469180282,Snowy
2018-09-10,20.7097658166039,71.38541997851672,Cloudy
2018-09-11,18.403357914274522,81.1904966442114,Snowy
2018-09-12,23.45769375535093,89.24983147852053,Sunny
2018-09-13,23.47374571828003,34.0723481663698,Rainy
2018-09-14,16.37201310768208,84.23627000128057,Foggy
2018-09-15,13.083180223024723,61.32524079847414,Rainy
2018-09-16,12.08530801332459,76.25589922110785,Cloudy
2018-09-17,23.051896895536025,83.5243107671195,Windy
2018-09-18,14.055703711079856,67.76513475192138,Rainy
2018-09-19,17.465918228506563,41.096039540627935,Cloudy
2018-09-20,17.01842980774746,58.666878206278625,Cloudy
2018-09-21,19.73716351865227,35.38110956266658,Rainy
2018-09-22,10.318600970767465,78.25104838086847,Sunny
2018-09-23,20.943892983969143,96.75943273741584,Foggy
2018-09-24,22.61945511917103,85.6676968556931,Foggy
2018-09-25,20.442110435223306,57.285049595098315,Cloudy
2018-09-26,18.44556914150764,70.90040472038461,Foggy
2018-09-27,20.487000831343916,51.29404730928084,Cloudy
2018-09-28,21.99523172820065,67.87319196884755,Sunny
2018-09-29,6.137036217866749,51.05088340492482,Windy
2018-09-30,29.77956154125347,81.6827329759027,Windy
2018-10-01,21.950466613439634,48.15390555909178,Windy
2018-10-02,16.7379570880649,97.48142733037261,Snowy
2018-10-03,18.045233124061994,76.3364112521472,Sunny
2018-10-04,22.468708886745944,34.814449337869064,Windy
2018-10-05,19.419480304828166,30.754443445398522,Windy
2018-10-06,9.846577661092528,99.79324409435704,Rainy
2018-10-07,30.322464306796597,45.43539047510555,Sunny
2018-10-08,19.447296713837638,51.87939239200243,Windy
2018-10-09,25.100863558579,44.58898099414758,Rainy
2018-10-10,16.539750761078043,94.96712407298276,Windy
2018-10-11,27.68188527122899,75.64090017680299,Cloudy
2018-10-12,21.4317184444614,65.30704264892776,Snowy
2018-10-13,23.044219172377254,69.03555701447993,Windy
2018-10-14,14.773733169265226,52.25109931094311,Snowy
2018-10-15,26.055726448413505,72.9922501654689,Rainy
2018-10-16,23.44909082267394,59.37202544184523,Cloudy
2018-10-17,26.50923114782499,43.94597024969254,Sunny
2018-10-18,16.859562201792105,75.9623569796917,Sunny
2018-10-19,17.59486440769606,56.16883984814484,Sunny
2018-10-20,31.51958348841971,84.9546465382013,Windy
2018-10-21,14.699920886392263,59.07764702566689,Rainy
2018-10-22,19.320251496608396,65.57899625323375,Sunny
2018-10-23,25.684456813013476,85.12265354266273,Rainy
2018-10-24,20.488624838574278,61.35146650438118,Sunny
2018-10-25,22.91476839876647,97.63547945869152,Snowy
2018-10-26,18.002754853685623,85.51200670365782,Foggy
2018-10-27,21.850279439237593,87.8501283720485,Cloudy
2018-10-28,13.467365741323416,96.77443266926093,Snowy
2018-10-29,28.29065339809094,57.21954401902452,Windy
2018-10-30,19.409179774357153,70.60561849275196,Cloudy
2018-10-31,16.59910898001575,78.55142185569224,Cloudy
2018-11-01,23.33191541015957,77.14209384784415,Foggy
2018-11-02,17.696401063057234,96.70557561927137,Rainy
2018-11-03,13.328707642986233,50.18440437148342,Cloudy
2018-11-04,13.266412471012224,50.39530700381944,Foggy
2018-11-05,23.468865763450662,94.26030814274027,Rainy
2018-11-06,19.202132809268665,85.95139492085917,Snowy
2018-11-07,19.331492201657802,44.23496368487184,Snowy
2018-11-08,25.388719029881315,69.90328146649374,Foggy
2018-11-09,14.365870956216282,82.20346138674299,Rainy
2018-11-10,16.346611235675876,54.71254733132564,Foggy
2018-11-11,18.075600954093623,60.4067575854973,Cloudy
2018-11-12,20.47175794658537,70.27776281626251,Cloudy
2018-11-13,19.789142743547107,62.69759902837474,Foggy
2018-11-14,18.56556403805046,82.71296730483229,Cloudy
2018-11-15,19.691867989521764,30.41571275781488,Foggy
2018-11-16,19.46347361854413,60.42427670737354,Foggy
2018-11-17,16.401978057241035,53.63069627302101,Windy
2018-11-18,15.935035057229612,72.64148369808788,Sunny
2018-11-19,21.372581788619698,84.31709093169518,Cloudy
2018-11-20,15.54542458502236,35.33016135410712,Foggy
2018-11-21,14.213223704045731,41.064181352083466,Snowy
2018-11-22,18.438538744371535,76.55571368994234,Sunny
2018-11-23,19.21166491918092,81.6881708710792,Foggy
2018-11-24,31.283617486491046,71.17412439551848,Snowy
2018-11-25,16.476498620718832,98.79623442775485,Cloudy
2018-11-26,24.716303624847473,64.96230423746022,Foggy
2018-11-27,23.73594167102316,39.540463456835056,Snowy
2018-11-28,14.055275223981319,78.0403742259756,Rainy
2018-11-29,23.866264887013,72.14528655363587,Rainy
2018-11-30,14.080596799033412,71.32950325211844,Windy
2018-12-01,6.704138810016296,68.20975446724788,Cloudy
2018-12-02,23.031597621796905,95.73669966846772,Cloudy
2018-12-03,11.220547082811404,39.04094777785906,Sunny
2018-12-04,22.254672309029573,35.12381089674849,Foggy
2018-12-05,16.579945511313916,40.788201856412385,Cloudy
2018-12-06,28.29775398094936,47.14931469334653,Cloudy
2018-12-07,25.342546996580047,71.50624236055285,Sunny
2018-12-08,17.73307098074306,72.86976743677141,Rainy
2018-12-09,16.56081194485659,46.2821314219959,Cloudy
2018-12-10,13.929612984529397,64.24578495176563,Sunny
2018-12-11,17.79538683853704,63.74432969374144,Rainy
2018-12-12,18.598222524077453,61.71775363996575,Cloudy
2018-12-13,18.176532278041574,86.24817064388607,Snowy
2018-12-14,20.78351927636182,63.01851489129423,Rainy
2018-12-15,22.89260748864439,83.08558471693162,Cloudy
2018-12-16,21.74827228496587,41.65367922633587,Snowy
2018-12-17,16.179280380467784,67.23771408512177,Windy
2018-12-18,12.811042630992109,87.68733432442369,Foggy
2018-12-19,26.82265924051236,42.44016087413804,Sunny
2018-12-20,16.552754077250313,62.54455180883637,Cloudy
2018-12-21,16.738532000324906,72.63555212250017,Foggy
2018-12-22,17.394053438494446,42.93422023861011,Windy
2018-12-23,10.784652249216757,82.97359241379822,Snowy
2018-12-24,17.610129979797566,35.52973734574222,Rainy
2018-12-25,17.601720929960262,96.24908562354031,Windy
2018-12-26,23.101791491717563,62.7755045952695,Foggy
2018-12-27,23.49228574553668,53.528616045583355,Sunny
2018-12-28,20.018854445431348,38.176490501384826,Foggy
2018-12-29,24.65924187057152,60.28176501475053,Rainy
2018-12-30,21.69982491900631,76.18628205735402,Foggy
2018-12-31,19.921589441987226,36.61410953996689,Windy
2019-01-01,20.804640841491114,51.4388366617424,Foggy
2019-01-02,19.046732532093003,88.52123079408977,Foggy
2019-01-03,18.02575242983275,75.23267179188291,Foggy
2019-01-04,18.661332315530167,44.446110830033675,Foggy
2019-01-05,14.359943342649967,41.26368570551624,Rainy
2019-01-06,21.40220852658148,93.31395183406299,Foggy
2019-01-07,15.034381945352097,50.09141549386891,Sunny
2019-01-08,24.208156320368182,42.56501182290412,Snowy
2019-01-09,18.752707099195256,99.99748129798218,Rainy
2019-01-10,20.247474908250453,51.64342794445341,Rainy
2019-01-11,22.46918388140478,38.731813146655455,Foggy
2019-01-12,23.21657232531464,62.3230340827063,Windy
2019-01-13,12.146882956832737,60.404157713893746,Snowy
2019-01-14,18.965481619180142,94.87617330812317,Foggy
2019-01-15,24.400894560403913,39.39434632334133,Snowy
2019-01-16,11.509470902838729,36.37954842905148,Rainy
2019-01-17,21.936402376975316,36.50850696346761,Cloudy
2019-01-18,8.722178852989053,93.30012260755655,Sunny
2019-01-19,14.887465781821982,61.455842457275395,Windy
2019-01-20,20.19315275920094,40.5424569708658,Windy
2019-01-21,11.716424488390231,71.56810688655034,Snowy
2019-01-22,15.072446311579247,67.63363489555825,Snowy
2019-01-23,12.640824962682066,43.88847234242295,Windy
2019-01-24,28.240674661037797,72.21266975984597,Rainy
2019-01-25,20.82113877743667,53.81618640218619,Windy
2019-01-26,22.836451389263345,46.6859537411609,Windy
2019-01-27,18.88662449742423,65.72804276293198,Cloudy
2019-01-28,18.232841256214005,50.41544830614713,Cloudy
2019-01-29,11.917629056744838,45.54979452328492,Cloudy
2019-01-30,18.540813186260685,91.5805685809772,Windy
2019-01-31,16.192538940941883,40.90338036013921,Windy
2019-02-01,24.289619621461682,49.64129840993827,Foggy
2019-02-02,25.705509333287868,57.029686589487795,Snowy
2019-02-03,27.332893577870887,49.154681721001594,Rainy
2019-02-04,24.26275969730616,44.74974498044387,Foggy
2019-02-05,17.00673031538507,83.98022679382116,Rainy
2019-02-06,14.420515070198029,53.031131110650705,Foggy
2019-02-07,23.83331590822543,37.87590703895369,Cloudy
2019-02-08,21.781464087361446,67.8626613719687,Windy
2019-02-09,11.157307746614846,38.784194806548726,Cloudy
2019-02-10,21.777408963718845,55.02637252086495,Foggy
2019-02-11,24.07259911243933,91.72787335905987,Snowy
2019-02-12,20.29462794590815,55.84128365743538,Snowy
2019-02-13,19.074731644953292,74.2756282001775,Rainy
2019-02-14,15.961757561918223,66.02378752060419,Sunny
2019-02-15,12.76732650218306,39.64073920445829,Sunny
2019-02-16,24.001489746700138,75.43487184535846,Windy
2019-02-17,18.454427776141458,89.92244978536644,Windy
2019-02-18,18.832666692281535,36.52487318317408,Snowy
2019-02-19,28.663605934595665,82.75760623908542,Foggy
2019-02-20,23.42250553429595,78.31478970632847,Rainy
2019-02-21,21.85412500640551,90.66624024980021,Rainy
2019-02-22,20.71030902593618,37.28643524934269,Cloudy
2019-02-23,27.599974303828866,51.398676557767516,Foggy
2019-02-24,28.597946537080972,78.6004041058462,Cloudy
2019-02-25,24.647525557397643,31.54125852206552,Foggy
2019-02-26,22.911122956989622,81.38529744113421,Foggy
2019-02-27,9.526984643969277,90.05850053007848,Windy
2019-02-28,20.618609571167532,61.73128366637303,Windy
2019-03-01,19.34946522903148,60.40309323986565,Snowy
2019-03-02,20.469766146927842,49.49282734485562,Rainy
2019-03-03,24.71523043661259,30.353630900356112,Rainy
2019-03-04,6.301614164052218,43.041246166644925,Windy
2019-03-05,17.153439732649076,98.59048828956598,Sunny
2019-03-06,21.349521774703806,90.71002539849496,Rainy
2019-03-07,17.665772269736188,48.6553247124245,Cloudy
2019-03-08,12.915469434368703,97.46241999847325,Sunny
2019-03-09,24.34481743448398,55.73988311673001,Cloudy
2019-03-10,21.38435952923064,50.83097623258261,Foggy
2019-03-11,15.144477147777577,40.696534481491966,Foggy
2019-03-12,21.57408602257912,93.11277486574718,Snowy
2019-03-13,24.10792856024898,99.08947437468015,Snowy
2019-03-14,20.026463231496805,52.91879828368777,Foggy
2019-03-15,24.002824017154985,79.24012963508989,Rainy
2019-03-16,20.391300875808305,53.471238686668826,Rainy
2019-03-17,18.02385508672823,37.34935175138187,Snowy
2019-03-18,14.202897418000436,57.48846148176267,Foggy
2019-03-19,19.570346165141935,68.60989725328233,Rainy
2019-03-20,20.97146469022886,38.611173142354595,Rainy
2019-03-21,24.379163807936656,87.27909423528328,Cloudy
2019-03-22,19.424462657563865,64.81541818253027,Windy
2019-03-23,22.287078031104954,46.40680667532011,Foggy
2019-03-24,15.176939931331358,71.49317049800604,Snowy
2019-03-25,16.086854220862374,85.52815142380814,Sunny
2019-03-26,19.448053504865563,52.933704433638304,Windy
2019-03-27,14.72685768007493,79.10334270804161,Snowy
2019-03-28,24.101239186623406,59.950142598648114,Windy
2019-03-29,22.315651646593036,97.48358181919207,Cloudy
2019-03-30,21.395478821962268,83.9658060621912,Foggy
2019-03-31,21.694520626079722,54.944563176541465,Sunny
2019-04-01,30.105217807423987,31.242357134323345,Sunny
2019-04-02,17.655679060166023,76.02639267662997,Snowy
2019-04-03,8.992793572497211,43.85105110093966,Cloudy
2019-04-04,20.996500984482324,38.531542295439294,Windy
2019-04-05,19.74698229519167,95.22435159777557,Cloudy
2019-04-06,17.412404787447983,99.99642791504418,Sunny
2019-04-07,15.105850703206151,48.89221743950696,Windy
2019-04-08,17.80405239098926,51.12379865161566,Windy
2019-04-09,20.906692146089107,41.54922574667181,Cloudy
2019-04-10,17.485916496787308,62.03793431507366,Foggy
2019-04-11,32.06226839771874,90.60906318850233,Rainy
2019-04-12,15.19747809183426,79.10541664874145,Windy
2019-04-13,16.03441318646164,89.24320906536113,Snowy
2019-04-14,8.556899799927358,45.993715897150636,Windy
2019-04-15,21.257422075107684,81.13192471859361,Rainy
2019-04-16,9.917966861001199,94.29686398772422,Sunny
2019-04-17,17.302726833127494,49.69912799500733,Rainy
2019-04-18,18.621647327197216,78.34574805138297,Cloudy
2019-04-19,16.451360170765557,58.04601881828981,Snowy
2019-04-20,28.694363387272553,50.31586516112458,Snowy
2019-04-21,24.971971956577494,97.87364281280446,Windy
2019-04-22,26.59568438150788,54.40432609778049,Windy
2019-04-23,15.587905907250407,37.54947768824811,Snowy
2019-04-24,25.642970322572843,57.20124467342349,Foggy
2019-04-25,22.48000473171981,61.337480367198765,Sunny
2019-04-26,23.857029743384228,82.65475778494665,Cloudy
2019-04-27,25.147194143913836,96.4939986862902,Snowy
2019-04-28,15.456183770204735,87.19398886559489,Rainy
2019-04-29,17.878411895110492,95.16589178785742,Sunny
2019-04-30,24.312980056642257,63.25420909824518,Snowy
2019-05-01,6.721904535125336,80.3521597765504,Sunny
2019-05-02,27.566640412866025,51.63347095086817,Cloudy
2019-05-03,22.76566032103792,34.87109759633125,Snowy
2019-05-04,19.771480196698825,55.583146772819546,Foggy
2019-05-05,21.102538278785865,78.85406598298084,Cloudy
2019-05-06,14.850323583455118,49.22354771736306,Cloudy
2019-05-07,18.250283177054477,90.29841269490646,Foggy
2019-05-08,25.501421691101868,85.35409949880312,Sunny
2019-05-09,26.490109861631105,43.582978442922204,Sunny
2019-05-10,33.481120262817896,53.15857337435647,Rainy
2019-05-11,19.630376668597926,87.77118322843643,Foggy
2019-05-12,16.707235165974982,47.07564526579095,Snowy
2019-05-13,17.428830170300056,53.21215019669914,Sunny
2019-05-14,14.909790623563175,54.014685269616066,Sunny
2019-05-15,19.610726220295746,86.07294194780367,Foggy
2019-05-16,21.91366215006134,32.59211859235117,Windy
2019-05-17,19.828788597340232,35.165088818499,Snowy
2019-05-18,25.481734228328992,70.49160837140562,Sunny
2019-05-19,18.82892099327732,57.79783936972467,Foggy
2019-05-20,18.262746737507182,74.30197237274953,Windy
2019-05-21,17.093657615698373,48.652289332556805,Windy
2019-05-22,11.836827368827525,93.67078742370924,Sunny
2019-05-23,12.16116137845773,83.26593210221193,Rainy
2019-05-24,14.104210346811561,34.74223543852772,Cloudy
2019-05-25,26.507140358323802,84.8733834099524,Rainy
2019-05-26,24.47630136444965,97.8707660618576,Rainy
2019-05-27,26.874820331964948,95.97049344112311,Sunny
2019-05-28,13.33894172702749,81.48386586178134,Foggy
2019-05-29,10.1568765510699,38.65156274368509,Foggy
2019-05-30,16.699718399329587,70.3253736088318,Windy
2019-05-31,20.87909476648014,49.89629101883422,Rainy
2019-06-01,22.49345137454914,97.91490605453731,Cloudy
2019-06-02,25.239860779840264,80.22400077531265,Windy
2019-06-03,21.42139835403607,72.75359128511934,Cloudy
2019-06-04,28.713343903278158,78.65616298233084,Windy
2019-06-05,18.886971595258398,60.658539037677635,Foggy
2019-06-06,15.434603909791019,56.09157260063246,Sunny
2019-06-07,11.593908922527833,95.5059705607975,Snowy
2019-06-08,15.55514320952275,53.23489943548807,Cloudy
2019-06-09,21.210589804925615,32.900529221290356,Sunny
2019-06-10,15.556398713231847,58.05881079081202,Windy
2019-06-11,24.683712317676285,85.32382468351706,Snowy
2019-06-12,27.061638530187217,75.39278506342436,Snowy
2019-06-13,8.152065473866985,97.35195428345122,Windy
2019-06-14,24.32026150248824,37.434130733339636,Snowy
2019-06-15,8.801979706691316,93.80824115605684,Sunny
2019-06-16,22.007495275451436,55.819443573984344,Foggy
2019-06-17,26.124352820968298,63.18018097953386,Cloudy
2019-06-18,20.324280531717882,59.99375081424641,Sunny
2019-06-19,13.601554133978802,38.1516596764709,Windy
2019-06-20,17.072843978611136,47.34575190076321,Cloudy
2019-06-21,18.691772771445496,81.95900984608544,Snowy
2019-06-22,19.088776081050284,31.610527929198664,Cloudy
2019-06-23,18.985515796166666,39.37214420703921,Rainy
2019-06-24,19.450586103453432,31.764711815394506,Cloudy
2019-06-25,21.067400244550843,90.01716401264844,Foggy
2019-06-26,13.957131731333893,73.21273794472458,Sunny
2019-06-27,18.789900850648902,41.89500634829912,Foggy
2019-06-28,27.59130585177853,83.81405561376275,Rainy
2019-06-29,18.07677288428741,97.67604182160876,Foggy
2019-06-30,17.780819534224012,95.41922621710127,Cloudy
2019-07-01,25.39098651857119,94.50832834685157,Cloudy
2019-07-02,7.204076668279518,30.546715078402027,Cloudy
2019-07-03,25.90689300644143,71.23094422896949,Sunny
2019-07-04,16.840481209974165,47.96428316473205,Windy
2019-07-05,20.819642862262935,69.52530500169011,Windy
2019-07-06,20.481606779605983,52.262120241238826,Rainy
2019-07-07,24.712340596101967,40.756657994082886,Foggy
2019-07-08,18.66202626882326,61.11456063508427,Windy
2019-07-09,16.609871092177748,64.65674290234614,Sunny
2019-07-10,26.489228953255495,99.28358547933372,Cloudy
2019-07-11,8.179130914294099,32.96715188969781,Rainy
2019-07-12,20.101670908526216,51.08086392280936,Cloudy
2019-07-13,13.260372886854398,89.63256915618258,Sunny
2019-07-14,16.192133058717204,76.178684868823,Cloudy
2019-07-15,30.056283407315686,87.86781222921272,Sunny
2019-07-16,19.777022867720714,76.22036429918444,Foggy
2019-07-17,20.975348485756907,83.1675416402293,Sunny
2019-07-18,11.092185721472044,64.504522499794,Foggy
2019-07-19,16.35477670602652,44.34143850283182,Foggy
2019-07-20,20.982787003643924,86.700270258604,Foggy
2019-07-21,21.773788465566092,69.74744582647784,Cloudy
2019-07-22,23.084432771966394,39.765363565078076,Cloudy
2019-07-23,20.04313949458788,86.34258188096062,Cloudy
2019-07-24,22.635021042273298,97.10101372538048,Rainy
2019-07-25,22.26890956317842,54.2314710839926,Rainy
2019-07-26,10.851297944977343,50.54585764605105,Snowy
2019-07-27,20.18502860955075,35.724262474529624,Snowy
2019-07-28,23.839512038663518,76.5143858514591,Windy
2019-07-29,22.949399103672597,97.12731329475477,Rainy
2019-07-30,18.18070595014605,39.51948829941254,Cloudy
2019-07-31,15.97186746230316,63.96117419235208,Rainy
2019-08-01,14.40844037839184,36.87667292572735,Rainy
2019-08-02,19.34472994229294,32.387693259687104,Rainy
2019-08-03,25.66539939779861,76.51507354673518,Windy
2019-08-04,10.24097949259199,90.73810227404485,Foggy
2019-08-05,16.70054135135251,53.62993752882208,Cloudy
2019-08-06,14.300987722866129,91.30356220870695,Cloudy
2019-08-07,23.9247876062025,38.19371694057223,Snowy
2019-08-08,17.228451867143495,46.65724773422333,Windy
2019-08-09,17.646811709226043,93.1124708834703,Sunny
2019-08-10,18.915252150316753,65.59569255834691,Foggy
2019-08-11,22.226966254473986,72.57346686579169,Windy
2019-08-12,18.038055009251817,32.66127627797555,Cloudy
2019-08-13,4.769284726000366,38.987293710352226,Rainy
2019-08-14,22.7165594569376,33.905356875059724,Windy
2019-08-15,22.19521478836021,93.35005179647685,Sunny
2019-08-16,18.902294858343932,39.43564747096629,Windy
2019-08-17,14.579816896640327,89.47709786261282,Sunny
2019-08-18,21.758900553406793,54.57242895607172,Snowy
2019-08-19,21.896177667677932,86.0418247456046,Windy
2019-08-20,17.649835586495627,55.55304832197231,Snowy
2019-08-21,18.916342647122306,48.73788277850135,Sunny
2019-08-22,15.349217487378393,36.55624908323401,Windy
2019-08-23,19.107054539563354,49.64946134018936,Sunny
2019-08-24,12.247853274582596,63.003580170209595,Sunny
2019-08-25,22.08659410515918,87.22561592277569,Windy
2019-08-26,15.278157545878532,61.676046833808854,Cloudy
2019-08-27,21.19051573916156,98.00049024563322,Windy
2019-08-28,12.970185418660503,67.9143107598376,Cloudy
2019-08-29,17.0497117706523,31.74619408680104,Sunny
2019-08-30,19.447552974670362,59.07571101338907,Snowy
2019-08-31,11.696500940653683,78.22293751705595,Windy
2019-09-01,20.57573936570046,46.400415237487735,Sunny
2019-09-02,18.104262185600387,78.90409655937111,Cloudy
2019-09-03,11.288219010953847,65.25881136270613,Windy
2019-09-04,13.483786229438422,31.80164429081807,Windy
2019-09-05,23.025600420410832,84.2047064636144,Windy
2019-09-06,24.47777992775662,69.22615926698526,Foggy
2019-09-07,19.340456801100164,35.77454521567654,Snowy
2019-09-08,22.02380906020249,63.26498234235911,Cloudy
2019-09-09,21.119217816564554,50.110501724232265,Sunny
2019-09-10,21.64811491063869,91.57770798115531,Sunny
2019-09-11,26.429920035401466,49.94489369650741,Windy
2019-09-12,12.46500800892864,95.91809496819393,Rainy
2019-09-13,23.382303661808116,68.22929245429788,Rainy
2019-09-14,18.0899552221109,52.65295966827049,Foggy
2019-09-15,18.8787053287418,86.94815121923041,Sunny
2019-09-16,18.48875134772465,78.81802648560361,Windy
2019-09-17,18.12426441669358,58.977374698711564,Foggy
2019-09-18,13.869019041084904,74.07328118946151,Windy
2019-09-19,20.916695996288006,84.50089848197969,Sunny
2019-09-20,28.354715163944284,89.60904559984425,Rainy
2019-09-21,19.719334897756216,87.14888995998446,Snowy
2019-09-22,19.99307478632452,41.62539620153926,Cloudy
2019-09-23,16.56350481421668,87.98726867525099,Cloudy
2019-09-24,19.412627267909443,34.104034121864046,Windy
2019-09-25,22.330832130170155,44.0119477085398,Foggy
2019-09-26,18.148787796478285,73.60487040461925,Cloudy
2019-09-27,17.730979794739994,38.0284767812833,Foggy
2019-09-28,22.016322700816232,72.234331653934,Sunny
2019-09-29,15.409976150904772,51.55759839544946,Windy
2019-09-30,21.26248313538436,60.06266096082538,Snowy
2019-10-01,24.10160898630711,52.06060524118347,Foggy
2019-10-02,26.79974270839742,34.912149750543314,Windy
2019-10-03,19.548089963615265,65.05311270453726,Cloudy
2019-10-04,26.837986199033566,97.45196110764212,Rainy
2019-10-05,25.17204943240759,72.82483437120891,Sunny
2019-10-06,15.018936798144669,51.00223101319877,Cloudy
2019-10-07,13.910307442034245,96.93048838868134,Snowy
2019-10-08,18.475181810727896,57.24660763665592,Windy
2019-10-09,25.144677462974272,78.82624137081905,Foggy
2019-10-10,19.638564962199975,74.38789634457109,Windy
2019-10-11,16.996712211711056,96.70375936271961,Foggy
2019-10-12,27.761215900242803,94.0221886146386,Windy
2019-10-13,21.434522440016732,40.360283944502186,Sunny
2019-10-14,8.397028621046292,35.99801123105957,Rainy
2019-10-15,21.585803131463443,86.67496294591808,Snowy
2019-10-16,22.600203072854338,93.34602493077762,Foggy
2019-10-17,21.12804327235552,64.50815227460296,Cloudy
2019-10-18,22.248560501159965,78.35328916836426,Rainy
2019-10-19,19.663621955385093,34.885179612489274,Sunny
2019-10-20,13.40802065177633,45.38630784995303,Foggy
2019-10-21,18.146479983897734,40.45633362597048,Windy
2019-10-22,15.271921022218542,72.08124084850238,Snowy
2019-10-23,15.33629544602811,43.8277925636275,Snowy
2019-10-24,13.684658254488623,34.189242088559546,Windy
2019-10-25,22.262445463198233,51.15450979152075,Rainy
2019-10-26,20.489480727063135,77.40487003797669,Windy
2019-10-27,17.75917318659646,70.4504606983298,Rainy
2019-10-28,16.75331036134806,53.15074758462451,Rainy
2019-10-29,19.88288447489274,88.34352130903635,Cloudy
2019-10-30,25.395973640562445,49.33883756084627,Cloudy
2019-10-31,9.978921422505424,48.238334685597785,Cloudy
2019-11-01,21.884382604254462,69.19631875527116,Windy
2019-11-02,17.27144012991109,63.47509478920429,Foggy
2019-11-03,10.577070775102762,61.21808624202525,Foggy
2019-11-04,10.271484584180206,40.904993326784705,Cloudy
2019-11-05,15.436082529323542,65.32523341430937,Cloudy
2019-11-06,21.097547778965225,48.1313242092811,Foggy
2019-11-07,21.965314669900458,57.45259178333107,Cloudy
2019-11-08,15.305092136611073,81.34993133694243,Rainy
2019-11-09,25.08510495706622,95.58039778915489,Sunny
2019-11-10,27.11491748258053,84.1704075632527,Snowy
2019-11-11,21.9804329247828,58.394372623628456,Rainy
2019-11-12,17.042986660959446,71.51231975301347,Foggy
2019-11-13,25.622095922551843,82.25484711129928,Cloudy
2019-11-14,23.776978478316693,58.9954735067124,Sunny
2019-11-15,24.33703705677459,55.217371116861074,Cloudy
2019-11-16,16.717681625142344,39.46703071691043,Snowy
2019-11-17,5.827227473626488,81.53825610331128,Snowy
2019-11-18,30.583955107418376,88.69560135653374,Rainy
2019-11-19,11.945607982750332,52.1609087720967,Snowy
2019-11-20,19.821159640698895,84.84554359497747,Snowy
2019-11-21,31.903726756098752,72.71491408358912,Snowy
2019-11-22,21.65288378137187,84.88581324822708,Snowy
2019-11-23,24.74623236779118,58.79361682047651,Cloudy
2019-11-24,12.488017153091437,82.33034545547247,Snowy
2019-11-25,11.111665226331468,58.59563825283382,Rainy
2019-11-26,17.336486040102226,36.213058979361705,Sunny
2019-11-27,25.4537486721725,68.54052426944608,Windy
2019-11-28,18.26875276176345,61.803010847205194,Windy
2019-11-29,16.026818394642508,47.701592104110404,Sunny
2019-11-30,20.989836449724837,92.44793344767385,Cloudy
2019-12-01,25.409676092386327,56.79973138752008,Snowy
2019-12-02,12.77529900463314,32.7388278002597,Windy
2019-12-03,13.947285029383242,56.74950181418132,Rainy
2019-12-04,16.05665372745317,59.71568655302588,Windy
2019-12-05,25.473191873560456,90.31464062359119,Rainy
2019-12-06,21.17410762974366,85.94282456735304,Snowy
2019-12-07,30.66076705285222,43.9976610135547,Sunny
2019-12-08,24.68222862915558,88.73204581712096,Windy
2019-12-09,19.82452411565165,47.35490597775656,Sunny
2019-12-10,26.32538919044383,53.93539037150051,Foggy
2019-12-11,21.05748506365939,35.37729177842439,Sunny
2019-12-12,16.475393237462775,33.87494191940547,Snowy
2019-12-13,23.399874221225513,77.66020845677963,Windy
2019-12-14,16.518366730694588,94.6338759165213,Snowy
2019-12-15,18.548014495980667,64.51117979664801,Rainy
2019-12-16,26.638913479789913,89.08655983710082,Sunny
2019-12-17,19.493592568913,85.56258747848574,Windy
2019-12-18,15.984293063291858,76.52751063669305,Cloudy
2019-12-19,17.67831154282254,98.4760251782445,Rainy
2019-12-20,25.108952927943363,86.15315446134701,Cloudy
2019-12-21,17.237296632916355,49.2391075949983,Cloudy
2019-12-22,18.065645765746766,85.23099723547756,Snowy
2019-12-23,17.448536301831858,78.48631523987325,Foggy
2019-12-24,20.91962747170155,57.96643126454462,Sunny
2019-12-25,18.072551198121957,35.375822915898055,Cloudy
2019-12-26,11.990819755137315,45.005167073266975,Rainy
2019-12-27,15.564095290774798,85.80665241503485,Cloudy
2019-12-28,15.33605479246781,47.39397016952344,Snowy
2019-12-29,26.216596922275777,99.85005881163437,Foggy
2019-12-30,24.063370210545212,78.57916979919813,Windy
2019-12-31,22.93629689699913,63.40557365023255,Snowy
2020-01-01,17.473208413677952,69.9305683148349,Rainy
2020-01-02,15.921042290030144,72.76109064790053,Rainy
2020-01-03,17.462411991713214,97.82613740228363,Windy
2020-01-04,14.74059948724163,41.321883624206365,Foggy
2020-01-05,32.48600195793504,49.06770618625282,Foggy
2020-01-06,8.77339175814299,79.67137335798705,Sunny
2020-01-07,22.820042675369045,46.79005882004959,Snowy
2020-01-08,13.577238510037365,90.99080135414351,Rainy
2020-01-09,19.478282542526536,54.2573922960683,Sunny
2020-01-10,15.059990287531328,42.65875799410733,Snowy
2020-01-11,14.111855187586846,33.33345325948729,Cloudy
2020-01-12,14.299018495325193,71.6916528222565,Sunny
2020-01-13,28.77493076871029,87.76975326881862,Sunny
2020-01-14,19.33505788845204,49.165517780415385,Snowy
2020-01-15,16.171489027609567,94.22776403811743,Snowy
2020-01-16,22.778934820414364,83.04139890826033,Windy
2020-01-17,20.051746572831497,34.29104777491493,Sunny
2020-01-18,23.600168796708264,70.0843097672325,Snowy
2020-01-19,10.87871672031085,69.7208658227686,Cloudy
2020-01-20,21.518019522310006,44.166061345518614,Sunny
2020-01-21,23.863474185511908,53.41810650660051,Foggy
2020-01-22,11.692008544427182,62.07952255086336,Sunny
2020-01-23,22.240976422116564,33.36544748661929,Snowy
2020-01-24,28.480907864140804,40.48434865001215,Snowy
2020-01-25,19.925711483226486,41.48030723773911,Windy
2020-01-26,24.107029685124054,56.54650281194736,Windy
2020-01-27,23.35285225155455,82.31502210736063,Windy
2020-01-28,16.462471512447117,88.19125613680812,Sunny
2020-01-29,20.198833672932476,41.39943322119272,Cloudy
2020-01-30,12.165026445691987,82.63342252047389,Rainy
2020-01-31,17.74348481448737,76.94969708717186,Windy
2020-02-01,21.32843987483118,92.34811743397148,Sunny
2020-02-02,23.61550246868899,97.81538777616203,Rainy
2020-02-03,20.123060626239557,38.712242616695875,Snowy
2020-02-04,23.59991865071583,35.647170299457166,Snowy
2020-02-05,14.485468935223151,85.98110902664065,Foggy
2020-02-06,19.491513627225643,41.35196111601009,Foggy
2020-02-07,20.096396922565386,43.620216698004484,Windy
2020-02-08,29.247956233398185,91.74251457680788,Windy
2020-02-09,18.92916671899958,95.72754279717675,Foggy
2020-02-10,17.504916810029087,52.29298707460818,Windy
2020-02-11,20.106756119217742,88.95176703065957,Snowy
2020-02-12,15.404432775650282,90.11998366945556,Foggy
2020-02-13,20.96376924532608,72.37733363514253,Sunny
2020-02-14,18.17472391726871,69.62619136442015,Rainy
2020-02-15,11.043362259794081,70.30868864719268,Sunny
2020-02-16,19.707067244330695,51.0902431349906,Foggy
2020-02-17,18.412284530349005,73.32069272572934,Sunny
2020-02-18,11.837883489660083,47.0506189775999,Foggy
2020-02-19,19.664329226927393,42.43426030529261,Sunny
2020-02-20,27.4467798103724,58.906531809680445,Rainy
2020-02-21,22.60651874137857,79.40462960891047,Foggy
2020-02-22,23.05963596365579,73.4999381146025,Windy
2020-02-23,13.292516372084787,97.54174555377918,Windy
2020-02-24,22.384491844611112,75.25191379560057,Windy
2020-02-25,20.742247906900392,39.891983485714434,Foggy
2020-02-26,22.645226191672158,41.28527493047626,Windy
2020-02-27,22.11314310854413,36.514699805448245,Cloudy
2020-02-28,13.201096372480931,43.38216354979091,Rainy
2020-02-29,19.792995942210162,71.85656304753847,Snowy
2020-03-01,16.21064569787417,88.68005325103707,Snowy
2020-03-02,19.74957952857589,92.57073564472202,Cloudy
2020-03-03,15.512995365490848,58.0030720679534,Foggy
2020-03-04,26.56235183570498,69.10081200110622,Foggy
2020-03-05,15.705138057778289,86.64397145055693,Rainy
2020-03-06,15.50528921767232,51.84493648366184,Snowy
2020-03-07,20.372932032717767,71.69683031070866,Sunny
2020-03-08,14.614504652980026,42.185775773756596,Rainy
2020-03-09,17.87668348783567,63.357823836266626,Cloudy
2020-03-10,15.85017701231019,42.11505822544278,Cloudy
2020-03-11,27.05586031944806,62.36984732094019,Cloudy
2020-03-12,23.929019134155862,57.77737842373057,Snowy
2020-03-13,19.712652407673026,60.32853764503453,Cloudy
2020-03-14,18.043914739129917,47.05985582745626,Sunny
2020-03-15,24.704588072875566,39.52303396649543,Foggy
2020-03-16,22.02602040161444,49.29657295439199,Foggy
2020-03-17,22.49026202341428,46.77060274707364,Rainy
2020-03-18,19.86903881327875,81.40073418091148,Foggy
2020-03-19,11.55884986114284,80.18825510870823,Foggy
2020-03-20,19.437670087202235,70.91380956349906,Foggy
2020-03-21,17.337550403954662,36.39336587181426,Sunny
2020-03-22,23.225276367299386,69.6383297996023,Sunny
2020-03-23,25.059212164970944,35.54659181584184,Foggy
2020-03-24,16.710244776194155,31.272111349336647,Cloudy
2020-03-25,22.341926171385257,54.6817280596359,Foggy
2020-03-26,28.679394988428566,46.83814433447296,Snowy
2020-03-27,16.661436397147206,71.62533770031298,Rainy
2020-03-28,28.409608700365688,95.00497416487296,Snowy
2020-03-29,15.737070764146765,80.38964194398343,Windy
2020-03-30,20.114798778039756,83.7152603379691,Rainy
2020-03-31,19.944271940790795,96.5625177259436,Windy
2020-04-01,20.057494499350312,74.38637566275973,Sunny
2020-04-02,15.811609790460274,70.44116589868779,Sunny
2020-04-03,17.04408448117785,72.1307583166896,Foggy
2020-04-04,16.661398568203005,90.6063679597226,Windy
2020-04-05,21.634812977022285,57.16693246448895,Sunny
2020-04-06,21.650175572551557,85.67353577716028,Sunny
2020-04-07,31.129721658691295,75.65798544840129,Foggy
2020-04-08,26.854945031455607,51.32000855473744,Sunny
2020-04-09,17.450783789307604,30.95818876888642,Windy
2020-04-10,21.62434807898093,44.6943993060844,Rainy
2020-04-11,24.985589903958797,78.99921352388029,Sunny
2020-04-12,20.153009121692588,70.57832168216643,Cloudy
2020-04-13,19.65179210776532,49.221628987420026,Snowy
2020-04-14,20.257874713849446,60.40117299807167,Sunny
2020-04-15,24.336383144042138,76.28041359069891,Snowy
2020-04-16,15.758397385973836,38.89602983429279,Rainy
2020-04-17,18.37165265589913,60.25957065958515,Foggy
2020-04-18,22.35216572423241,59.16369504873856,Snowy
2020-04-19,21.55723535777078,67.98207140841684,Foggy
2020-04-20,21.197913799281956,66.53395761529465,Rainy
2020-04-21,18.150994168480985,55.74086795474947,Foggy
2020-04-22,24.862678945712684,83.39135401687824,Sunny
2020-04-23,30.66934123602269,34.706032799384964,Windy
2020-04-24,22.032077468381033,32.487693077404224,Sunny
2020-04-25,19.0341164922508,59.418153771886274,Windy
2020-04-26,23.778701444472713,92.768597511957,Cloudy
2020-04-27,17.30433681623505,49.429854537076835,Rainy
2020-04-28,16.251548276485515,42.06165272883572,Rainy
2020-04-29,20.16404373806856,94.97458760305634,Sunny
2020-04-30,7.086016835150277,41.77562782077992,Foggy
2020-05-01,14.230248181739952,56.23883756994679,Rainy
2020-05-02,18.26019072039577,81.03108572355444,Windy
2020-05-03,13.233055709261432,48.264680593432125,Foggy
2020-05-04,14.836784490539351,46.08946694555769,Windy
2020-05-05,17.816258312709962,57.83670637520879,Rainy
2020-05-06,11.785173532346954,85.11553702177775,Windy
2020-05-07,17.96964101870084,93.76883472137544,Cloudy
2020-05-08,17.323649177335778,32.19047695368416,Windy
2020-05-09,20.12702604192508,41.55756891603442,Sunny
2020-05-10,25.770920152470097,97.10209024028353,Cloudy
2020-05-11,20.86252208246433,71.4953904084278,Sunny
2020-05-12,20.105310106710316,68.59871884076739,Windy
2020-05-13,20.49727228515356,86.94805754987962,Foggy
2020-05-14,21.13696387560564,32.78483086199114,Sunny
2020-05-15,14.916306756951155,30.968537582108237,Foggy
2020-05-16,19.42612337614601,97.72458347911143,Cloudy
2020-05-17,21.543756209183066,87.99994799008768,Windy
2020-05-18,13.146200087284697,82.31672470907881,Foggy
2020-05-19,24.328264614079266,40.89905391014067,Sunny
2020-05-20,25.406880172290947,63.362274613028205,Rainy
2020-05-21,16.843120057753055,95.61054769960933,Cloudy
2020-05-22,18.793311042734477,95.35197169367683,Cloudy
2020-05-23,15.609048285949633,30.647297488567016,Foggy
2020-05-24,23.496902417939086,82.67439863043103,Cloudy
2020-05-25,14.693888562770454,30.436643651269726,Windy
2020-05-26,18.887614948785398,98.90112093693897,Cloudy
2020-05-27,15.705400460961641,59.187704139698894,Snowy
2020-05-28,20.254771385056447,98.14631305860698,Windy
2020-05-29,11.028853642551395,55.74227663214462,Cloudy
2020-05-30,26.632308211828466,50.523110340139496,Snowy
2020-05-31,15.17696787896868,52.14043746842234,Snowy
2020-06-01,20.29947341558138,81.14753466470131,Snowy
2020-06-02,18.937384776148456,43.97709837511378,Windy
2020-06-03,16.189427440387508,90.48403842548555,Snowy
2020-06-04,15.561099316820323,71.34008855387196,Sunny
2020-06-05,24.6819927177623,97.89377181644888,Sunny
2020-06-06,17.371797034490303,99.09594324403041,Cloudy
2020-06-07,21.355850923186555,42.962740091150174,Cloudy
2020-06-08,15.992515573028125,96.90474375032124,Snowy
2020-06-09,16.764092840761197,33.25769404654286,Cloudy
2020-06-10,22.361235750439242,31.950460688617397,Windy
2020-06-11,24.652042480555583,96.07052041299863,Snowy
2020-06-12,19.1234179883649,97.36777162149954,Rainy
2020-06-13,12.890400641797815,40.30733708703928,Cloudy
2020-06-14,29.98978039875002,60.969107077229864,Snowy
2020-06-15,15.717253458828953,64.58647695917277,Cloudy
2020-06-16,12.292063001641063,90.21968655628132,Snowy
2020-06-17,32.97212293884076,73.95420702373184,Foggy
2020-06-18,17.979838530745315,84.21964969411309,Cloudy
2020-06-19,12.69133655869296,63.95677918019037,Rainy
2020-06-20,16.58280116605659,75.38895915692798,Snowy
2020-06-21,21.837724480111344,81.47865520181011,Sunny
2020-06-22,20.951557787969698,81.65168987421109,Snowy
2020-06-23,15.74135401373205,30.121647874927067,Foggy
2020-06-24,29.113618000639796,36.99356516110424,Foggy
2020-06-25,17.392101610033134,55.45623087730912,Foggy
2020-06-26,14.076567047942241,34.283821297247925,Sunny
2020-06-27,24.8034669923033,56.80927916574019,Windy
2020-06-28,26.64531423269841,57.26967939305346,Snowy
2020-06-29,15.912534511918867,94.41634760944179,Windy
2020-06-30,12.993263534803447,69.69502984262837,Sunny
2020-07-01,25.152191337078023,79.44458963735607,Foggy
2020-07-02,9.763381934710191,92.10390774603599,Rainy
2020-07-03,13.866891703016922,60.94905244545221,Sunny
2020-07-04,24.837230750251173,30.137350121816755,Foggy
2020-07-05,19.72323725988805,49.97352172377896,Foggy
2020-07-06,18.68031325703656,86.99110900262409,Cloudy
2020-07-07,21.76408303247189,93.12888188600523,Sunny
2020-07-08,19.236127882272957,54.60567067827547,Windy
2020-07-09,13.506566389184549,50.57938770853339,Snowy
2020-07-10,26.38037673003094,94.71536477481133,Foggy
2020-07-11,26.625070264434076,54.5751615187946,Windy
2020-07-12,21.026662818889797,75.65716316536609,Windy
2020-07-13,20.22567007716005,49.62164645353944,Cloudy
2020-07-14,31.69812403010029,36.854315915351904,Cloudy
2020-07-15,18.617835774920813,65.08654182502094,Sunny
2020-07-16,18.702115090829803,94.62622859827174,Snowy
2020-07-17,21.82240624620253,73.30485277491135,Sunny
2020-07-18,27.356609780711693,44.6178637348614,Foggy
2020-07-19,27.96385377208742,77.77007013573291,Rainy
2020-07-20,18.707136841616144,83.78528008683428,Foggy
2020-07-21,21.541656229796725,52.45323933404712,Windy
2020-07-22,13.109582664679614,69.1446581001727,Sunny
2020-07-23,18.440119460418934,77.73671920271258,Sunny
2020-07-24,15.798548022603468,41.22472017663417,Snowy
2020-07-25,14.965841238505082,97.48706578407237,Sunny
2020-07-26,28.407883581336637,61.58763730148894,Snowy
2020-07-27,16.038566690969276,98.57650733304465,Snowy
2020-07-28,17.341970459942726,43.27017060911466,Sunny
2020-07-29,21.82924393958429,63.86414824167511,Rainy
2020-07-30,26.489126334867926,41.60975575730864,Foggy
2020-07-31,22.405575631944178,30.71265756687571,Sunny
2020-08-01,33.79677557010791,46.65126208026419,Rainy
2020-08-02,19.626660108744254,58.223113594765834,Cloudy
2020-08-03,21.29358220114873,60.1791516406965,Rainy
2020-08-04,21.378003369920282,92.05536085729432,Sunny
2020-08-05,27.175246933945772,74.49740847165893,Sunny
2020-08-06,22.536194755548077,60.41091586529711,Rainy
2020-08-07,19.418851498064253,99.1598389726869,Sunny
2020-08-08,15.262557025465602,72.995703213868,Sunny
2020-08-09,21.222217279808163,52.58640754894802,Rainy
2020-08-10,27.006724156459796,78.39176168475562,Foggy
2020-08-11,17.948091031710646,64.69899458781036,Windy
2020-08-12,22.64471809208291,91.68173858477206,Foggy
2020-08-13,21.23073894342422,92.75578834443249,Rainy
2020-08-14,24.317598291906574,55.71452800848187,Sunny
2020-08-15,15.976231296810653,69.36373356021008,Foggy
2020-08-16,31.73323515263281,48.60414108324138,Rainy
2020-08-17,13.604194464858708,73.8645726219785,Rainy
2020-08-18,18.172244550069813,99.46428736237723,Snowy
2020-08-19,24.69046270452823,88.28119624755287,Snowy
2020-08-20,21.483665862470566,55.64869302119777,Snowy
2020-08-21,24.149930795405517,36.67662463954447,Cloudy
2020-08-22,17.51948833008719,97.667739116146,Sunny
2020-08-23,19.625975086598295,57.270934507440415,Cloudy
2020-08-24,20.061159918194086,50.53666252867706,Windy
2020-08-25,27.846298072679524,52.14347750338973,Rainy
2020-08-26,23.452145121915244,64.29463566471927,Rainy
2020-08-27,23.98336054182336,96.97259791243005,Snowy
2020-08-28,16.710369537316023,99.06356249334439,Sunny
2020-08-29,24.844413192815253,50.72887091466769,Cloudy
2020-08-30,21.127908317844017,54.60280954232395,Cloudy
2020-08-31,26.94572657838964,65.82645920462258,Sunny
2020-09-01,30.07030077459234,30.573110204081516,Cloudy
2020-09-02,18.466171119864978,42.23855942708764,Snowy
2020-09-03,17.968484347774687,95.52413143533644,Sunny
2020-09-04,15.679775044488153,32.060466594295285,Cloudy
2020-09-05,19.2821024414184,37.068339580438064,Sunny
2020-09-06,18.08987275524808,59.445291192360315,Snowy
2020-09-07,21.79752199785505,81.20151744113085,Windy
2020-09-08,19.27716591533132,48.821476127324395,Snowy
2020-09-09,18.1920035960919,51.41759133877237,Sunny
2020-09-10,25.32292568063926,51.383108608707076,Sunny
2020-09-11,15.31059884424274,91.08213487275245,Cloudy
2020-09-12,22.16553976575672,45.82683243591926,Cloudy
2020-09-13,17.970291364057584,69.36812782092332,Snowy
2020-09-14,23.621842524349823,99.99518029131713,Snowy
2020-09-15,26.926307733611154,80.99258464251128,Sunny
2020-09-16,18.484508732879636,53.544545870784816,Sunny
2020-09-17,22.205164536365757,83.58212792326867,Cloudy
2020-09-18,20.8939643286659,96.77409951699262,Rainy
2020-09-19,16.002888002284518,56.14764650068091,Snowy
2020-09-20,21.203937548709693,79.56078680485314,Foggy
2020-09-21,21.44560252639406,35.306298418357244,Windy
2020-09-22,22.064354102230872,92.67077857278991,Sunny
2020-09-23,19.00800551589977,36.73797072370184,Cloudy
2020-09-24,20.470961501550732,56.10475673831162,Snowy
2020-09-25,14.261945275784324,67.9754090003565,Foggy
2020-09-26,18.209429622600716,48.45043497151532,Snowy
2020-09-27,22.77981339854899,75.44885281910243,Sunny
2020-09-28,24.462369436657653,68.8100109174688,Cloudy
2020-09-29,17.888425879373646,80.20296682086743,Cloudy
2020-09-30,20.52357014716642,54.789755558551256,Rainy
2020-10-01,21.140266625620335,68.22097227568713,Sunny
2020-10-02,21.007399733522163,86.85297801268604,Snowy
2020-10-03,22.70386792650195,86.7487442201019,Snowy
2020-10-04,10.909611848082152,79.99679823963172,Foggy
2020-10-05,19.753379649262136,67.93551227304856,Windy
2020-10-06,21.195168006233825,77.12827705421466,Rainy
2020-10-07,14.998348255231473,36.08162030784356,Windy
2020-10-08,28.36992853505355,62.99220404975128,Sunny
2020-10-09,20.80779633619084,90.21004502132544,Foggy
2020-10-10,27.817023725144647,72.51553752086497,Foggy
2020-10-11,16.047384890834614,95.9178174077563,Foggy
2020-10-12,15.463499392373365,48.352496490585665,Cloudy
2020-10-13,21.12126110482841,36.74112614775428,Foggy
2020-10-14,11.606558185856716,73.86294049227206,Cloudy
2020-10-15,21.074827953130466,36.36481508742663,Snowy
2020-10-16,20.48609616001459,84.74947543970912,Foggy
2020-10-17,25.078326407710506,47.97196857043401,Windy
2020-10-18,23.505206705825486,67.71263009105596,Windy
2020-10-19,17.91261325057483,86.79639282111287,Foggy
2020-10-20,14.512516726148776,85.162475809021,Foggy
2020-10-21,28.561526106716485,64.7182518955446,Cloudy
2020-10-22,16.03942489717425,98.3092489320831,Cloudy
2020-10-23,14.772377214652671,64.83432099635885,Cloudy
2020-10-24,14.575719702692775,49.51539916837388,Sunny
2020-10-25,25.586526577683323,51.170187118618074,Cloudy
2020-10-26,17.40549897787574,82.05499067140892,Cloudy
2020-10-27,16.231477669096996,60.597492722341556,Sunny
2020-10-28,20.688449129516737,59.31519393498432,Foggy
2020-10-29,18.965276447213544,31.434061668895414,Rainy
2020-10-30,16.609522696068765,51.36947122947345,Sunny
2020-10-31,23.769957334892396,90.22681558891247,Cloudy
2020-11-01,25.326577460489972,86.24531487590028,Sunny
2020-11-02,24.926587544699334,82.2557601987862,Windy
2020-11-03,23.834598348305995,31.618987067300395,Windy
2020-11-04,22.013127655650177,31.889320400218523,Foggy
2020-11-05,11.120560000190856,51.802547157361786,Cloudy
2020-11-06,28.346254031884843,63.21172905526933,Windy
2020-11-07,21.509946051787765,93.68188875903888,Sunny
2020-11-08,23.04078213800321,56.92408712038775,Cloudy
2020-11-09,25.574811614737012,50.19675020040249,Foggy
2020-11-10,27.16676251440996,69.98070778132988,Cloudy
2020-11-11,22.091990056545963,94.02860096847861,Cloudy
2020-11-12,22.17773079647827,81.7047098023575,Sunny
2020-11-13,17.003878612701403,89.96663973855173,Snowy
2020-11-14,20.165448755693802,42.7538351446123,Cloudy
2020-11-15,15.729193695928227,38.79651117196547,Sunny
2020-11-16,16.400297339290525,68.08497935822251,Sunny
2020-11-17,15.532127988429043,78.8159578002075,Cloudy
2020-11-18,19.219880545013563,96.84916337137723,Snowy
2020-11-19,25.245465939600052,56.00740859195352,Foggy
2020-11-20,35.8548738664509,54.25897965425876,Snowy
2020-11-21,20.947498187739566,66.10980085311093,Foggy
2020-11-22,13.2579345612194,77.94565556946962,Rainy
2020-11-23,26.32491664928128,69.62166439807122,Windy
2020-11-24,18.496080617619864,80.61214853328173,Cloudy
2020-11-25,16.69695703011504,56.62204559787433,Cloudy
2020-11-26,21.049247389615278,90.35383411296692,Sunny
2020-11-27,13.796877002218864,42.808291550877186,Foggy
2020-11-28,21.112315820043033,52.11332499798296,Snowy
2020-11-29,19.558122384004225,84.15743646392222,Snowy
2020-11-30,20.491889534077377,53.4970577785577,Cloudy
2020-12-01,21.907081271045854,76.77082216590107,Foggy
2020-12-02,20.337461286204032,50.14583264910725,Snowy
2020-12-03,20.081690420564463,43.09730397033049,Rainy
2020-12-04,21.421572594989723,51.051279476720765,Snowy
2020-12-05,22.077003130855633,92.0895307926516,Cloudy
2020-12-06,14.842587698423712,62.26181900841984,Sunny
2020-12-07,12.850043706572759,45.77906076167599,Foggy
2020-12-08,19.691809739138925,52.500701241553074,Windy
2020-12-09,12.83632255032946,30.193966963797735,Foggy
2020-12-10,20.437657354608355,82.906580142992,Foggy
2020-12-11,24.69373437841155,45.79742167029613,Snowy
2020-12-12,23.03555835958023,71.85447281893516,Windy
2020-12-13,14.759147965872634,31.757667672400018,Foggy
2020-12-14,15.698687740212407,88.41489023814623,Rainy
2020-12-15,21.641506475003776,43.12113275454486,Snowy
2020-12-16,17.99351097433245,30.333786443498898,Cloudy
2020-12-17,18.416723524739467,51.08314658557979,Cloudy
2020-12-18,22.98453240623977,94.43409831860902,Cloudy
2020-12-19,15.063566532711738,48.382995263124506,Snowy
2020-12-20,17.99382645044409,65.2435186682538,Foggy
2020-12-21,15.999587619576994,58.50608910503931,Windy
2020-12-22,14.784352509823222,50.597448083246064,Foggy
2020-12-23,15.714609056644177,94.91475050210995,Cloudy
2020-12-24,23.38731084673206,85.22964356376087,Windy
2020-12-25,20.25910194741211,83.33393207617,Cloudy
2020-12-26,15.604196855824625,66.82749871368678,Cloudy
2020-12-27,18.84449196203502,87.7403171610886,Rainy
2020-12-28,11.80596346438911,62.09000607478776,Rainy
2020-12-29,16.333435962081673,62.563268533008895,Foggy
2020-12-30,30.747872674336435,64.56418443894246,Rainy
2020-12-31,19.54878075167125,46.583715765719965,Windy
2021-01-01,23.65829463515196,94.65563015708929,Sunny
2021-01-02,19.672558124277586,48.11254724149845,Windy
2021-01-03,21.740846176209043,43.871164995762555,Cloudy
2021-01-04,23.31629044839587,47.06262553321097,Snowy
2021-01-05,14.476917012367647,87.21464815961573,Cloudy
2021-01-06,19.845318713630206,83.79819463734532,Snowy
2021-01-07,27.89432597208244,59.89747659192477,Rainy
2021-01-08,16.022497249733544,30.964733323720775,Cloudy
2021-01-09,17.167800731338904,98.301452327562,Sunny
2021-01-10,18.46154361316499,39.27716842432544,Foggy
2021-01-11,21.345120365881233,89.59958736145676,Foggy
2021-01-12,22.624589318229415,84.72061606415267,Windy
2021-01-13,26.337058274093284,95.66530471979554,Snowy
2021-01-14,22.4974911673433,84.13789773597021,Foggy
2021-01-15,19.68973437100833,53.196011357892004,Rainy
2021-01-16,26.29583564805407,46.23398303899186,Rainy
2021-01-17,23.52055511070791,56.43835742844904,Cloudy
2021-01-18,12.521602418714918,44.21610193616722,Rainy
2021-01-19,32.63184120177999,80.37023234214655,Rainy
2021-01-20,28.84960694098367,87.85630427458773,Foggy
2021-01-21,19.15892888616463,75.25072246780736,Snowy
2021-01-22,21.889550508692373,43.02649119163715,Sunny
2021-01-23,26.621793749979197,32.6169297720052,Cloudy
2021-01-24,19.138996036515586,70.62808867998751,Windy
2021-01-25,23.651758951885096,62.38711735557295,Foggy
2021-01-26,25.52289236785738,43.97927497393226,Cloudy
2021-01-27,14.925870461327795,55.76587315542038,Foggy
2021-01-28,16.98834073208569,67.90263789262673,Rainy
2021-01-29,24.607041989052906,74.30419785936057,Windy
2021-01-30,22.304072385744153,63.36506442799728,Windy
2021-01-31,24.618982801569736,97.99749752147855,Snowy
2021-02-01,19.33715992673141,33.23584803295992,Sunny
2021-02-02,18.554973945228834,76.07455391188289,Cloudy
2021-02-03,10.006802622083136,93.6690531251478,Snowy
2021-02-04,14.269997867462784,46.55949477792575,Windy
2021-02-05,20.235330473292468,44.95950316483964,Foggy
2021-02-06,24.122786097821184,83.35629652378074,Cloudy
2021-02-07,22.655891832678478,64.04616558736652,Rainy
2021-02-08,19.35879012986149,99.45242546885174,Sunny
2021-02-09,18.641142167546516,71.23865343441986,Rainy
2021-02-10,21.085898163191402,94.64093534415949,Snowy
2021-02-11,20.39105590546076,30.854736376439533,Windy
2021-02-12,27.02272757469856,40.81777343329936,Rainy
2021-02-13,20.73220385239125,77.90933313261127,Foggy
2021-02-14,12.593770189013508,59.15264589282122,Foggy
2021-02-15,13.637209324838416,88.51751986002861,Cloudy
2021-02-16,27.5937966848179,60.02286647895627,Sunny
2021-02-17,14.144197692749598,79.909768744849,Sunny
2021-02-18,23.822487265167666,69.63120119234208,Foggy
2021-02-19,18.658136323953094,38.3932497130036,Rainy
2021-02-20,19.151208530487573,80.25658446949227,Rainy
2021-02-21,19.329336086157898,79.44602609433886,Snowy
2021-02-22,26.106924797295992,38.10027058492503,Cloudy
2021-02-23,19.035790857280176,69.33380204654102,Windy
2021-02-24,19.833403585774235,53.49550122841029,Windy
2021-02-25,12.345982513002536,62.11948474320429,Cloudy
2021-02-26,21.033452558540016,59.593108512154316,Windy
2021-02-27,22.6552125348903,37.334208297443205,Foggy
2021-02-28,21.195727903268935,41.061609040389584,Sunny
2021-03-01,26.989481305433678,36.07660313005552,Snowy
2021-03-02,20.275856773901157,43.471290952235336,Sunny
2021-03-03,21.494887280595087,89.6711070548422,Windy
2021-03-04,28.242520051340897,31.716585448405304,Windy
2021-03-05,12.24992905320926,60.21320752007992,Windy
2021-03-06,17.720873261003156,86.06554720921635,Sunny
2021-03-07,27.13079376009633,37.01807431691731,Windy
2021-03-08,24.680645741555413,45.93995131112752,Rainy
2021-03-09,23.391900494202353,80.92077952908008,Rainy
2021-03-10,24.163253697322393,75.32867028153468,Foggy
2021-03-11,21.63533104560511,69.41166857006164,Cloudy
2021-03-12,28.157987137661358,42.01485716397265,Foggy
2021-03-13,21.88879584865359,85.61717083761059,Snowy
2021-03-14,21.199335529476393,39.898987831690725,Sunny
2021-03-15,20.794793370628216,39.4358526306145,Rainy
2021-03-16,20.964319777751932,85.65245310123481,Cloudy
2021-03-17,14.21491359592066,55.84563295188527,Snowy
2021-03-18,23.853365272316715,51.88319811463428,Rainy
2021-03-19,19.347801331083364,49.50704359171655,Windy
2021-03-20,29.10957548930203,52.7480474457321,Sunny
2021-03-21,19.621747647057887,53.84113197953236,Cloudy
2021-03-22,22.104591420878283,78.74573855245777,Foggy
2021-03-23,21.233010931306673,46.818354080589074,Snowy
2021-03-24,16.872214824453735,52.77285174317334,Sunny
2021-03-25,24.96068414259253,84.33480559290463,Foggy
2021-03-26,29.525318202800086,93.92054013195985,Snowy
2021-03-27,19.926113901700777,72.89851791599025,Foggy
2021-03-28,18.497606072072887,37.35827606239649,Foggy
2021-03-29,18.22485634472313,67.91092624960359,Windy
2021-03-30,10.538190533413292,73.94452119570843,Foggy
2021-03-31,19.110934281484937,51.983688790486326,Rainy
2021-04-01,21.25499058004162,87.96002610488281,Snowy
2021-04-02,25.273789625901415,84.74551675300248,Cloudy
2021-04-03,24.80023870574964,70.2714694704203,Cloudy
2021-04-04,17.917504587816538,40.15109125989783,Sunny
2021-04-05,18.61588502613056,78.81670259788642,Rainy
2021-04-06,25.619526528072196,92.67440646890654,Foggy
2021-04-07,19.132680514635606,47.50707768412654,Snowy
2021-04-08,17.449852301221917,97.10801269788057,Rainy
2021-04-09,26.96259224717136,83.99116779211985,Foggy
2021-04-10,25.18792833525317,51.02251023453786,Foggy
2021-04-11,20.09395895887129,73.17747868781072,Cloudy
2021-04-12,17.031112761106662,51.54935524564861,Snowy
2021-04-13,9.940598403776455,36.96275132657259,Windy
2021-04-14,22.948518027873618,87.69040687344798,Sunny
2021-04-15,15.518151387239099,76.60649241563226,Cloudy
2021-04-16,10.18633995429624,72.98004558965053,Foggy
2021-04-17,27.92410263674509,39.95210164992634,Sunny
2021-04-18,23.239838955049443,56.41639792188579,Foggy
2021-04-19,14.304959034415173,91.36452560034377,Cloudy
2021-04-20,13.927993085203704,41.43131225438344,Foggy
2021-04-21,24.354808910858097,33.353202089798295,Sunny
2021-04-22,15.610146917320648,43.38060338231227,Foggy
2021-04-23,26.480749337639416,47.51260050224048,Cloudy
2021-04-24,23.082296563130775,84.85497666361184,Foggy
2021-04-25,22.682982602834116,75.3699029832532,Sunny
2021-04-26,22.023477278071503,31.21399227645445,Rainy
2021-04-27,20.95725436011956,31.210275691883766,Rainy
2021-04-28,24.402555995885553,69.68275001600388,Windy
2021-04-29,17.729598187421974,74.33047096648022,Windy
2021-04-30,20.429759867171924,38.77953166408878,Cloudy
2021-05-01,23.75973293838598,72.73235064584915,Snowy
2021-05-02,22.81494859293064,46.824633729367804,Foggy
2021-05-03,14.025065973656698,53.5704939722383,Snowy
2021-05-04,17.49795166347868,58.61821062690389,Foggy
2021-05-05,21.264017527095774,38.133635736399576,Foggy
2021-05-06,17.959926454800517,97.41655238114686,Cloudy
2021-05-07,28.873292804866665,98.16351175392927,Cloudy
2021-05-08,18.034234026229434,61.15011823625852,Snowy
2021-05-09,19.188907762116546,48.02265346561923,Foggy
2021-05-10,23.847150890886518,97.10161125677179,Sunny
2021-05-11,21.65266371617458,87.26401775830335,Cloudy
2021-05-12,19.273627713976154,80.69600238907624,Windy
2021-05-13,16.21753235559626,62.32682510943475,Sunny
2021-05-14,21.50757028698383,58.74050910088205,Snowy
2021-05-15,25.195482201891963,84.55444905937964,Rainy
2021-05-16,22.395476120491143,66.37295744352386,Foggy
2021-05-17,16.10908239271939,76.24074971745657,Windy
2021-05-18,28.683874784883553,69.63350871258884,Windy
2021-05-19,12.76711054982053,79.85297850059541,Windy
2021-05-20,12.086571790986055,36.587350285488064,Windy
2021-05-21,24.802786122286143,56.43347648450508,Snowy
2021-05-22,21.12920239301345,41.696243195690556,Foggy
2021-05-23,17.2525072684798,46.94307300164749,Windy
2021-05-24,14.507146362223352,44.057699357672654,Snowy
2021-05-25,31.60399919640149,65.23256095127056,Windy
2021-05-26,20.58545436077721,31.32950919569431,Sunny
2021-05-27,22.67100585422886,97.47773214059109,Snowy
2021-05-28,21.58942548619091,66.32746784866998,Cloudy
2021-05-29,22.17403978865579,33.68000599430723,Rainy
2021-05-30,22.70047230262403,77.74376882532314,Foggy
2021-05-31,23.66212004877438,48.82216350685135,Rainy
2021-06-01,18.123887996196636,37.473731481190086,Rainy
2021-06-02,18.54179006824078,88.12125801824963,Snowy
2021-06-03,11.294885958205493,43.85353220400269,Cloudy
2021-06-04,16.098477967492304,37.3327988201742,Foggy
2021-06-05,21.355563982233573,33.98345168226824,Sunny
2021-06-06,25.225116877513454,80.9990420473917,Cloudy
2021-06-07,22.99519763188092,75.86898731259376,Windy
2021-06-08,18.29653828061035,30.573939841025187,Windy
2021-06-09,13.684135439574229,45.503637831381255,Rainy
2021-06-10,6.113204272862834,79.32774217817247,Sunny
2021-06-11,25.758669873903997,40.649859829276664,Rainy
2021-06-12,17.053855067449252,70.37255481883152,Snowy
2021-06-13,17.757674968979703,44.920952672647516,Windy
2021-06-14,20.657869839540343,61.446399936755114,Foggy
2021-06-15,12.97219976304055,90.71961432612468,Cloudy
2021-06-16,18.251089099442314,51.18174991106902,Sunny
2021-06-17,30.11735974884987,78.01806729476618,Cloudy
2021-06-18,22.526934692886712,60.679686294796085,Cloudy
2021-06-19,21.796245782567283,36.73086780110418,Rainy
2021-06-20,12.087527610091207,55.24444955562607,Windy
2021-06-21,31.218009472913202,88.88960464436752,Sunny
2021-06-22,12.886025456868285,98.11323695877597,Cloudy
2021-06-23,29.611623777221993,89.15571694312037,Sunny
2021-06-24,9.424719924060962,41.355987354148546,Sunny
2021-06-25,27.0268271936221,54.18565089143593,Windy
2021-06-26,28.090271345001128,88.1831711024725,Cloudy
2021-06-27,15.877954393360827,68.77271540770357,Sunny
2021-06-28,22.112901861364413,84.33300579800857,Sunny
2021-06-29,22.737402860523325,84.44482866317531,Cloudy
2021-06-30,15.93102758384347,34.97615304410837,Cloudy
2021-07-01,12.754411946315347,53.96845959207162,Cloudy
2021-07-02,13.411413284296174,63.5315053817077,Rainy
2021-07-03,22.70504109979904,96.16573051062716,Cloudy
2021-07-04,19.57442198740297,92.87601607112029,Windy
2021-07-05,17.178494833489196,59.612238805185385,Sunny
2021-07-06,24.8338400558323,36.69661492408405,Rainy
2021-07-07,22.540339546957387,58.31796008162672,Cloudy
2021-07-08,16.222686368171832,67.51323328488965,Foggy
2021-07-09,13.993992404913055,93.30780339793219,Rainy
2021-07-10,22.616308693440384,50.64154869988519,Rainy
2021-07-11,17.312083157209692,51.62049019682911,Snowy
2021-07-12,20.49602431265751,73.90282641834887,Rainy
2021-07-13,27.881494863138588,65.36340885499654,Rainy
2021-07-14,22.511641200373898,43.71082713411646,Sunny
2021-07-15,15.688665001233815,40.130907418980556,Snowy
2021-07-16,20.803305949098863,64.26480468637426,Sunny
2021-07-17,15.236775235923062,84.55736694801963,Snowy
2021-07-18,28.04261077974362,84.51818760897513,Rainy
2021-07-19,17.192106251983894,98.30625811244136,Foggy
2021-07-20,21.036353734868094,56.790273871059625,Cloudy
2021-07-21,21.53866287339716,57.43925287671827,Snowy
2021-07-22,20.796252341868513,30.127364634637047,Snowy
2021-07-23,10.207255224317306,88.09421556368424,Rainy
2021-07-24,12.767894680083357,75.26399108476355,Rainy
2021-07-25,17.738248622154543,83.89454831123237,Cloudy
2021-07-26,21.597159166657654,62.94362399613622,Sunny
2021-07-27,19.311103928571146,94.41354420486054,Snowy
2021-07-28,15.214262634244916,32.03796584829001,Rainy
2021-07-29,13.257878404391494,38.069682791652184,Rainy
2021-07-30,17.99221227750328,56.321213448005224,Rainy
2021-07-31,17.657619776601386,35.95741356795005,Rainy
2021-08-01,22.56418228796378,36.15215173755503,Cloudy
2021-08-02,18.36840768920841,69.68108755453815,Sunny
2021-08-03,23.013538282146648,45.12854136989422,Foggy
2021-08-04,17.026751151397974,73.85746473899906,Cloudy
2021-08-05,18.720211653928658,95.05798755016808,Foggy
2021-08-06,18.259768101786904,87.67175467921905,Foggy
2021-08-07,16.088165165489553,47.39012712876658,Cloudy
2021-08-08,23.12559328216865,36.27640482779261,Sunny
2021-08-09,15.932020014527465,96.51347277511442,Sunny
2021-08-10,17.391792450146905,99.61471519613274,Snowy
2021-08-11,19.634401770259014,56.21464296256255,Sunny
2021-08-12,13.513101720216302,62.24740827997927,Cloudy
2021-08-13,18.375325208397506,40.17335629310466,Cloudy
2021-08-14,16.44346820128606,79.71265549443768,Windy
2021-08-15,18.059229037588754,59.52835247969886,Cloudy
2021-08-16,19.700359986644546,86.21106016780865,Windy
2021-08-17,16.000431884296678,70.41076979971993,Foggy
2021-08-18,18.899621100898223,32.99486664166436,Cloudy
2021-08-19,26.543343761760894,53.44681783525182,Windy
2021-08-20,19.871007208727566,86.60173194691075,Sunny
2021-08-21,25.726310865096124,78.16797169687487,Snowy
2021-08-22,21.732472210033805,74.27723631652408,Foggy
2021-08-23,23.870803049094082,77.07532496212548,Cloudy
2021-08-24,16.127705156145872,72.35258129365187,Snowy
2021-08-25,20.524535825427563,74.87870286113022,Rainy
2021-08-26,20.66956461307738,73.42947732486097,Foggy
2021-08-27,16.93687130562532,67.33995576532608,Snowy
2021-08-28,15.885858378528592,83.04229877991892,Foggy
2021-08-29,12.548673060463509,55.864479446486236,Windy
2021-08-30,27.48069818475816,63.26668370483511,Cloudy
2021-08-31,15.137985553237511,58.101468984378286,Windy
2021-09-01,26.7311053661115,44.64473437853492,Foggy
2021-09-02,17.662534131710732,52.532227374991905,Sunny
2021-09-03,15.68753350137633,33.851055432693045,Cloudy
2021-09-04,23.112595701524988,52.786934374582756,Cloudy
2021-09-05,16.844040291265713,57.34081650531904,Snowy
2021-09-06,22.842294594621386,36.53688683541767,Snowy
2021-09-07,18.335941175738952,45.43185907984677,Cloudy
2021-09-08,22.402122480588933,47.467922320998866,Snowy
2021-09-09,15.159069680464476,45.922914574608214,Sunny
2021-09-10,24.156755289923844,54.51551910667645,Foggy
2021-09-11,22.439863413315024,40.141327354898166,Rainy
2021-09-12,15.401746549686692,81.20509497911146,Foggy
2021-09-13,33.21467860507371,53.98583987224272,Sunny
2021-09-14,22.70061513200247,38.565566381518856,Windy
2021-09-15,31.452335352652696,71.55198469287481,Windy
2021-09-16,28.001339093743795,42.57537225821959,Snowy
2021-09-17,19.05582609891108,34.06394244743856,Rainy
2021-09-18,17.938641226977285,41.430449941732,Windy
2021-09-19,17.982704082895992,59.399636843439936,Sunny
2021-09-20,10.84985724786095,78.5456280349205,Rainy
2021-09-21,16.520824403252263,74.90506193398821,Sunny
2021-09-22,21.233830119899853,30.36441855518776,Cloudy
2021-09-23,27.62978780442404,85.53034567598601,Windy
2021-09-24,16.13614058510899,53.498144492374585,Snowy
2021-09-25,24.410282996815052,77.58009836688989,Cloudy
2021-09-26,13.737033292483405,32.2871220194853,Foggy
2021-09-27,17.068399873944337,57.565177036061755,Cloudy
2021-09-28,17.71179702855237,31.372735092337212,Windy
2021-09-29,21.859055407487467,87.14418746015807,Foggy
2021-09-30,22.286548233604055,43.0877026361315,Windy
2021-10-01,24.81170872407173,77.21835352633641,Windy
2021-10-02,23.854184802024683,49.394631390827804,Windy
2021-10-03,21.21584107701246,39.47457800363534,Sunny
2021-10-04,21.95182471754311,95.12067373326036,Snowy
2021-10-05,27.94265345548766,71.65172310506355,Windy
2021-10-06,17.445369093838686,92.34417331092251,Foggy
2021-10-07,23.873641595335812,51.46195811554474,Foggy
2021-10-08,10.959280367508743,88.08847335748762,Rainy
2021-10-09,22.05667121448804,95.91776333843977,Windy
2021-10-10,17.58375228760446,57.66286787507518,Sunny
2021-10-11,20.01285591215755,93.28917358389128,Windy
2021-10-12,25.200431225268517,53.4560019875377,Snowy
2021-10-13,20.823219047631987,52.72199993891037,Foggy
2021-10-14,24.425937706044635,99.7012870536567,Cloudy
2021-10-15,27.368824075692025,96.66873137241467,Windy
2021-10-16,21.945469844328603,46.00328421800325,Sunny
2021-10-17,25.855205323102442,88.60414189260018,Foggy
2021-10-18,18.367195111603962,53.97205143486315,Windy
2021-10-19,19.95895058865193,98.54703617846188,Snowy
2021-10-20,17.38690291800761,89.48723401320443,Rainy
2021-10-21,25.214887973231882,93.34435109187767,Cloudy
2021-10-22,22.070456768967976,70.15714580426909,Foggy
2021-10-23,17.463827690525388,50.59059466248263,Rainy
2021-10-24,20.77334416823166,43.8267504463697,Foggy
2021-10-25,25.20784194409291,66.95103443822931,Snowy
2021-10-26,19.803660044810233,77.00610076630876,Cloudy
2021-10-27,15.255335945751183,81.92520445865904,Rainy
2021-10-28,20.65955877893706,41.9268248794074,Rainy
2021-10-29,10.097172044655302,67.51215947997434,Cloudy
2021-10-30,23.843853221997374,60.527687406665265,Snowy
2021-10-31,17.893362063376596,44.57569476844684,Cloudy
2021-11-01,17.653446318604466,68.70736221511768,Snowy
2021-11-02,24.378478393897534,49.31396052645202,Cloudy
2021-11-03,13.174185613874156,67.45381899766852,Foggy
2021-11-04,29.735493214101787,44.00765414306141,Snowy
2021-11-05,17.59878979130888,92.99597758410636,Foggy
2021-11-06,17.383745283075523,53.667197744371336,Sunny
2021-11-07,25.106123715835814,72.72342218604551,Rainy
2021-11-08,23.54347636555213,38.535309119392714,Rainy
2021-11-09,32.25614859537538,74.10120347699271,Snowy
2021-11-10,18.9439700818424,49.04282375039858,Windy
2021-11-11,19.39796680667795,96.9572113259817,Rainy
2021-11-12,12.603420100183733,57.59079862289316,Sunny
2021-11-13,18.339488613255874,72.51845896983005,Sunny
2021-11-14,16.39284352214122,45.106935596430745,Cloudy
2021-11-15,17.756164934472505,90.30333420134801,Rainy
2021-11-16,11.279061217230224,86.30330426843264,Sunny
2021-11-17,28.30303779947257,47.194471859304,Cloudy
2021-11-18,12.916982587871797,93.7733955604274,Snowy
2021-11-19,5.988986008041435,32.81085154238894,Sunny
2021-11-20,14.057877892084903,82.68011843617178,Rainy
2021-11-21,16.980802236019244,62.0508149739851,Rainy
2021-11-22,14.25222968371441,88.48215761338749,Cloudy
2021-11-23,25.491517703662563,62.58401772052056,Rainy
2021-11-24,19.310804107019532,34.59074669692821,Cloudy
2021-11-25,20.126928022032295,45.858187260709286,Rainy
2021-11-26,23.051958821527062,99.60623843018568,Windy
2021-11-27,21.43006263489059,53.39243219385581,Cloudy
2021-11-28,24.892836487230216,41.2213651917803,Windy
2021-11-29,14.452612231819273,86.40815780638422,Snowy
2021-11-30,17.262409496602842,33.15488791733506,Rainy
2021-12-01,23.32983573034769,34.64861260281338,Snowy
2021-12-02,7.32722768957885,50.82631456180563,Foggy
2021-12-03,13.124077603413795,33.31806822447777,Rainy
2021-12-04,22.504961160899732,99.69988787246139,Snowy
2021-12-05,17.598754825025374,78.37902202574928,Snowy
2021-12-06,24.68053775054849,66.371050860015,Foggy
2021-12-07,24.045901484265812,86.36164729693846,Rainy
2021-12-08,14.00953559904481,76.37407604283536,Cloudy
2021-12-09,22.033285437334406,42.12854675731262,Sunny
2021-12-10,26.00848927833753,45.37436597542225,Cloudy
2021-12-11,20.73717200825486,90.73860000049041,Snowy
2021-12-12,15.112675613770655,53.5872928741675,Foggy
2021-12-13,24.39694970956685,61.33482398374149,Rainy
2021-12-14,23.17712263276998,57.379499848634254,Rainy
2021-12-15,22.71305391749398,33.64208684035297,Rainy
2021-12-16,23.579694467184957,79.32016020985336,Sunny
2021-12-17,5.026935698861905,67.8051856550351,Sunny
2021-12-18,24.40468780540486,77.32980572697511,Cloudy
2021-12-19,29.040659052894878,49.476197276700034,Snowy
2021-12-20,22.183192373146465,58.48397358288838,Cloudy
2021-12-21,20.963644982498636,43.48548335901536,Foggy
2021-12-22,23.482193366957198,59.37778420060384,Sunny
2021-12-23,21.691127368425576,75.74439882579236,Windy
2021-12-24,23.25890630850308,96.12823302347276,Cloudy
2021-12-25,20.007355001227054,76.44200399202055,Snowy
2021-12-26,16.1664757273155,66.76118109950991,Windy
2021-12-27,14.978386438926933,59.1457055748713,Cloudy
2021-12-28,15.00904135884068,37.388477898268626,Snowy
2021-12-29,13.134787245245523,63.395200785239325,Windy
2021-12-30,14.661289944904468,40.85756652124506,Windy
2021-12-31,28.806330637099315,70.75310281553631,Cloudy
2022-01-01,23.770478318281214,81.11729543274087,Sunny
2022-01-02,16.874863046576642,96.25469281817347,Cloudy
2022-01-03,18.04803653007246,50.77970073815766,Sunny
2022-01-04,20.562787654532272,57.78338771302731,Rainy
2022-01-05,16.72227485257821,42.80663576677326,Snowy
2022-01-06,20.337584285871625,91.45583569163028,Snowy
2022-01-07,23.888020689514562,87.6854057114596,Rainy
2022-01-08,19.82128633225913,84.24719262712651,Rainy
2022-01-09,21.68007871330996,34.01030269849309,Snowy
2022-01-10,24.432457696798078,68.97036093824451,Rainy
2022-01-11,18.63934121990896,46.450949342482836,Foggy
2022-01-12,21.423952995671815,38.377963770561486,Foggy
2022-01-13,18.453112035583192,84.71291701283725,Cloudy
2022-01-14,19.85735565082792,44.810696257537735,Windy
2022-01-15,18.3763486745852,65.05681887733687,Foggy
2022-01-16,17.355650732219424,66.82674438803785,Foggy
2022-01-17,20.86855926493512,44.92974028272801,Windy
2022-01-18,22.832726579091062,64.45828164256676,Foggy
2022-01-19,20.731522230005222,33.697392831999785,Windy
2022-01-20,22.49363479155966,30.005071474694454,Foggy
2022-01-21,16.31034109879385,91.62253521650592,Rainy
2022-01-22,13.981324039001102,59.09120914603065,Snowy
2022-01-23,22.085217514838018,93.51938592673488,Windy
2022-01-24,23.43940695587377,64.74151518097817,Rainy
2022-01-25,20.249286332999112,60.177580621171536,Cloudy
2022-01-26,26.740178902123596,50.713849846102505,Windy
2022-01-27,24.538493989939493,35.71822563151271,Windy
2022-01-28,33.402854203845,51.67862544851653,Sunny
2022-01-29,18.995957430021672,72.5929185621689,Foggy
2022-01-30,15.005756019523158,83.39504430560925,Windy
2022-01-31,16.299316046302433,67.85778623576905,Sunny
2022-02-01,17.17251096812672,83.07790905874933,Snowy
2022-02-02,22.380156917190572,41.04261141612912,Sunny
2022-02-03,9.209657180193716,70.82679521754216,Sunny
2022-02-04,26.592755090454183,91.78222589179973,Snowy
2022-02-05,18.80351704428828,45.25721453485623,Rainy
2022-02-06,18.766032211056242,45.93682568750932,Sunny
2022-02-07,14.603284169875025,82.39027591476355,Windy
2022-02-08,19.428872242749097,86.84397493941569,Cloudy
2022-02-09,20.06619883833767,47.36324307858695,Foggy
2022-02-10,19.390275361998615,53.20988629314445,Snowy
2022-02-11,21.695296279712153,74.22385803154282,Rainy
2022-02-12,17.051839790244852,57.890219923243286,Snowy
2022-02-13,15.520921197945864,73.6807679090477,Sunny
2022-02-14,22.7416406524899,64.75010224677075,Sunny
2022-02-15,20.493337269078978,84.15559163551075,Rainy
2022-02-16,20.985905275986838,89.21220528393269,Snowy
2022-02-17,25.29513627220983,90.46790465136121,Rainy
2022-02-18,14.887178043696572,72.80675544108902,Snowy
2022-02-19,15.723797713745679,72.88088731634753,Windy
2022-02-20,26.28609825414497,61.475282917358406,Windy
2022-02-21,12.585583212129787,31.93298314743138,Cloudy
2022-02-22,13.45293926834493,50.94261536242837,Windy
2022-02-23,24.08930915592498,34.45884029505186,Windy
2022-02-24,21.191000960110195,60.64496742018272,Snowy
2022-02-25,20.52616068529638,89.463967428783,Rainy
2022-02-26,19.541702959498085,71.77614123933748,Rainy
2022-02-27,20.156337735137846,77.287281878869,Foggy
2022-02-28,19.53943942654022,43.16055802439524,Rainy
2022-03-01,26.77721351297209,48.3367204791956,Rainy
2022-03-02,18.009259356249625,41.419250708102616,Windy
2022-03-03,19.193132318611106,88.98821335823015,Snowy
2022-03-04,28.972244026125367,49.62191090912448,Windy
2022-03-05,20.13754851014918,69.36284167908605,Rainy
2022-03-06,31.16008194762589,39.879002911330595,Rainy
2022-03-07,19.475101494905232,38.67922358291182,Foggy
2022-03-08,26.837074912300793,54.33083542512122,Sunny
2022-03-09,11.723279808451611,53.12472106420121,Rainy
2022-03-10,20.768222304078332,53.01972636679855,Cloudy
2022-03-11,12.077632184245322,72.06529509138292,Foggy
2022-03-12,24.222271533022933,52.11931092283111,Sunny
2022-03-13,13.935660918954877,83.81151082823399,Snowy
2022-03-14,21.418847771916727,36.34695377726489,Windy
2022-03-15,18.589020616547824,52.735010041634,Rainy
2022-03-16,14.208984074079856,76.8435189951444,Cloudy
2022-03-17,11.903200085512287,72.2052477334271,Windy
2022-03-18,17.444797682099452,38.36609328569388,Rainy
2022-03-19,28.703147229476656,60.763144519438626,Sunny
2022-03-20,18.53257472555311,51.64550240121757,Rainy
2022-03-21,24.58610771057928,74.23093026203408,Snowy
2022-03-22,19.71478566168906,39.090919570096254,Rainy
2022-03-23,24.38363386845226,76.93961460885953,Cloudy
2022-03-24,10.865443108477411,62.46827718888528,Foggy
2022-03-25,17.984058465752334,49.24229915434799,Windy
2022-03-26,24.747027618966094,82.32107955648533,Snowy
2022-03-27,19.183725255834105,43.15368987192723,Windy
2022-03-28,19.567723586444764,40.656655699413626,Rainy
2022-03-29,17.847690440571036,31.074915559518207,Cloudy
2022-03-30,25.74689691683562,90.29102494188913,Foggy
2022-03-31,21.48757176977473,64.46558784994065,Rainy
2022-04-01,20.22011138087674,66.17009265250817,Windy
2022-04-02,23.215272726696462,38.033383169408474,Rainy
2022-04-03,22.94112464558968,37.544329523333914,Sunny
2022-04-04,21.062935232187684,53.364838342629206,Snowy
2022-04-05,27.73515748495422,66.1361450813028,Foggy
2022-04-06,19.698562331804403,79.06105533303446,Rainy
2022-04-07,21.39040523983972,64.94892495590499,Cloudy
2022-04-08,16.78523723323555,88.20909017273284,Snowy
2022-04-09,20.750576135030645,56.41746322228923,Windy
2022-04-10,27.938807618726837,31.966159436829102,Snowy
2022-04-11,16.783711991056308,59.830659251827896,Sunny
2022-04-12,14.332035871807705,35.95018405221562,Cloudy
2022-04-13,24.983798214099078,52.54380991545841,Windy
2022-04-14,19.256169238831603,98.96082781828852,Sunny
2022-04-15,20.48002102484885,90.01479799847303,Windy
2022-04-16,19.774433481533325,46.551899921125724,Foggy
2022-04-17,20.395608619647675,56.317370191889616,Rainy
2022-04-18,24.25265341761719,60.18155916610175,Windy
2022-04-19,15.804379047003632,83.47078643901301,Sunny
2022-04-20,14.941129579472557,32.341998947439556,Foggy
2022-04-21,20.42484068518854,32.703593901953234,Rainy
2022-04-22,11.967801552750837,38.19825072701008,Foggy
2022-04-23,13.134732319790357,73.98274878095519,Cloudy
2022-04-24,29.333415741658136,59.01826320711131,Snowy
2022-04-25,23.78734165030702,89.42479401336337,Cloudy
2022-04-26,19.949717640654928,49.88405231594861,Rainy
2022-04-27,26.1900346797922,64.24764208666036,Cloudy
2022-04-28,14.797003849574274,79.4750005070821,Rainy
2022-04-29,18.421984383070708,68.16408380155065,Snowy
2022-04-30,23.11726804712191,52.17599844298715,Cloudy
2022-05-01,24.453358407156973,40.67799380293456,Snowy
2022-05-02,22.56458423413888,67.84223930370885,Snowy
2022-05-03,7.293805961558878,39.95095515835038,Cloudy
2022-05-04,15.15958941167711,95.7513121784012,Cloudy
2022-05-05,22.385340461784327,67.79234274274484,Rainy
2022-05-06,18.22024253476597,42.244071339984835,Windy
2022-05-07,32.70115810379586,80.44497828418352,Windy
2022-05-08,24.63279150483548,37.248303602384055,Cloudy
2022-05-09,22.790409403093328,84.0151352981814,Windy
2022-05-10,14.415252231266383,62.01023777553306,Foggy
2022-05-11,19.82351630198542,39.28633688587724,Cloudy
2022-05-12,21.206019821094763,32.60477254161611,Foggy
2022-05-13,25.63891815063901,99.53645955829336,Windy
2022-05-14,24.405655485498162,49.20578030613419,Rainy
2022-05-15,25.164945972599728,96.65740354501943,Snowy
2022-05-16,15.38043992094999,65.12854357159355,Snowy
2022-05-17,27.060758491493154,65.21107687478371,Sunny
2022-05-18,13.097846238463653,36.37488028604934,Rainy
2022-05-19,17.32042719166919,96.54940731865825,Rainy
2022-05-20,22.153855674728206,81.30271051850607,Snowy
2022-05-21,19.250542041334302,66.31094867116857,Snowy
2022-05-22,14.969815710398041,38.41799973517202,Windy
2022-05-23,15.892250871984338,42.29735986417998,Rainy
2022-05-24,12.258728385754788,60.251662359924865,Snowy
2022-05-25,22.659873195035956,55.35811745125518,Snowy
2022-05-26,26.302844225210748,69.06966048099329,Windy
2022-05-27,19.49803248299317,35.344078233004616,Sunny
2022-05-28,17.998255924932884,32.824221352283786,Windy
2022-05-29,12.638385357667552,65.7772160683038,Foggy
2022-05-30,24.56600962126089,31.99509666503506,Windy
2022-05-31,31.056521666197465,34.168636780712326,Foggy
2022-06-01,11.012720978165513,56.343902073328444,Rainy
2022-06-02,14.682835309226967,34.324534881436136,Rainy
2022-06-03,16.60203478727928,56.982873863144505,Foggy
2022-06-04,17.178410451587556,46.92253611366055,Rainy
2022-06-05,21.136729750717404,43.143920797636135,Cloudy
2022-06-06,28.071247736401137,58.3275882040384,Sunny
2022-06-07,25.042986434300516,38.39327339418799,Snowy
2022-06-08,22.63798691387158,54.47475569834896,Windy
2022-06-09,16.38035647970699,60.4411540556622,Sunny
2022-06-10,14.401858831597728,88.10020628720966,Rainy
2022-06-11,16.016123468468496,95.29643277375555,Sunny
2022-06-12,27.740334006893693,51.58369041263628,Cloudy
2022-06-13,19.691283492710493,50.48494348183054,Cloudy
2022-06-14,17.765818731686895,69.65627919898526,Windy
2022-06-15,19.081221348750038,39.61900984802267,Rainy
2022-06-16,24.12309109819234,54.47985293096402,Rainy
2022-06-17,13.43575162725104,33.725146541333515,Cloudy
2022-06-18,27.074370679612112,56.53477006474893,Foggy
2022-06-19,20.782381284731496,37.990594200617736,Sunny
2022-06-20,18.91828010852137,69.32690382616072,Cloudy
2022-06-21,22.214230568733694,74.91156140769633,Sunny
2022-06-22,21.091985365649684,99.0964075673687,Windy
2022-06-23,18.279017717663095,43.6597063581608,Cloudy
2022-06-24,18.736446639791968,44.50415041617247,Snowy
2022-06-25,15.655687265670238,96.31936630128357,Windy
2022-06-26,23.281953754296513,90.52485869197729,Foggy
2022-06-27,17.34003095294419,73.12378346060532,Foggy
2022-06-28,15.218707887838587,88.89850657251463,Rainy
2022-06-29,20.829317613267687,44.67845013050419,Windy
2022-06-30,26.645706413727765,91.18201760044052,Cloudy
2022-07-01,19.7582768811009,90.71152567722484,Sunny
2022-07-02,16.95949371524155,47.36785739360438,Sunny
2022-07-03,22.01948010417987,65.58613199819158,Windy
2022-07-04,29.68356231201276,95.0841984723703,Cloudy
2022-07-05,12.740472352841262,77.54049973172397,Rainy
2022-07-06,21.91101393892647,76.23633737245183,Foggy
2022-07-07,21.025433126159268,69.18352203950562,Foggy
2022-07-08,25.807669017795586,48.81820952852752,Rainy
2022-07-09,24.954545868424226,98.48907600578812,Snowy
2022-07-10,19.066454440951105,61.3256751935528,Cloudy
2022-07-11,11.577413722875585,51.80150675870747,Sunny
2022-07-12,24.032818839481298,81.0006496777244,Sunny
2022-07-13,15.824036549042585,72.53933692823273,Snowy
2022-07-14,15.266297945214053,53.95689157432288,Snowy
2022-07-15,25.74175290345563,51.26541135999261,Sunny
2022-07-16,15.445748111806736,45.01546796137727,Cloudy
2022-07-17,27.014223700501216,35.494050571818164,Cloudy
2022-07-18,21.679223607026564,73.7997634563481,Windy
2022-07-19,21.595592000431413,65.39855467006286,Windy
2022-07-20,21.536323902527954,46.43938875269923,Rainy
2022-07-21,11.80788187129104,33.85871679083539,Rainy
2022-07-22,11.11805691826712,31.323074778463457,Sunny
2022-07-23,21.077765268943423,81.69471507655821,Cloudy
2022-07-24,22.8400367961321,43.177723240861894,Windy
2022-07-25,20.413055160781006,48.665053357265464,Sunny
2022-07-26,15.892327414902361,30.987853564641746,Snowy
2022-07-27,20.094610519410974,40.54473383825252,Windy
2022-07-28,19.589829234272578,91.21120022937471,Cloudy
2022-07-29,15.214209508622949,46.944258431972045,Cloudy
2022-07-30,25.06986077056081,96.77707389381504,Rainy
2022-07-31,11.34861969224957,41.50427868800973,Snowy
2022-08-01,22.94371203403753,47.72830210617511,Cloudy
2022-08-02,21.921617026056225,90.73969779338947,Cloudy
2022-08-03,25.048559274058572,59.86258370842748,Snowy
2022-08-04,14.973440638255706,48.748025743552404,Snowy
2022-08-05,20.507035733341056,78.49696339041259,Snowy
2022-08-06,30.85582474659083,33.58598827875679,Sunny
2022-08-07,23.31037144499853,92.34236236049531,Cloudy
2022-08-08,20.502906043644817,88.90930817496617,Foggy
2022-08-09,22.695806370570985,36.00579245927051,Sunny
2022-08-10,20.4308842119006,85.90331226371462,Snowy
2022-08-11,30.9544900661992,97.2819309318237,Snowy
2022-08-12,24.918180978945898,64.44487334084255,Rainy
2022-08-13,19.571925228847515,69.77073450882264,Sunny
2022-08-14,21.261657156922606,77.58577181581492,Sunny
2022-08-15,18.04601001959493,48.670886025120765,Cloudy
2022-08-16,26.049250632051525,75.47628812918623,Sunny
2022-08-17,12.969476143044947,63.240725007205945,Windy
2022-08-18,11.976307350695064,58.38792632295048,Foggy
2022-08-19,27.29357374837997,93.19610917112534,Snowy
2022-08-20,30.765598962852913,85.85321769639387,Windy
2022-08-21,22.34152453844796,95.4225339742539,Rainy
2022-08-22,20.563689706178685,88.56562774209743,Snowy
2022-08-23,23.286338451523886,32.926742080731096,Foggy
2022-08-24,16.764732368086204,72.45705737530764,Cloudy
2022-08-25,20.856217725761063,78.83458170608296,Foggy
2022-08-26,20.194543529281074,76.540023300141,Cloudy
2022-08-27,23.132821253726803,49.036950433084556,Sunny
2022-08-28,12.210007359083018,59.79412460254942,Cloudy
2022-08-29,17.464826151173312,32.73203966585171,Rainy
2022-08-30,24.224978015004186,36.586588938697126,Windy
2022-08-31,16.622030861849684,69.23583304334286,Foggy
2022-09-01,15.033193122884324,70.76882351259061,Windy
2022-09-02,30.21036074913477,44.08605034365472,Snowy
2022-09-03,20.190590000897,61.37419066190824,Snowy
2022-09-04,17.10540930028396,63.045408182406305,Windy
2022-09-05,11.538147812629457,30.793574427462616,Snowy
2022-09-06,23.64673173140213,39.97645483117451,Windy
2022-09-07,23.49568076859347,73.70100400978751,Snowy
2022-09-08,18.50620199715032,99.4974075458332,Windy
2022-09-09,14.488849045464548,75.52742235562053,Sunny
2022-09-10,19.877252881788106,38.4151667031502,Rainy
2022-09-11,15.820719662591893,87.50082079693746,Snowy
2022-09-12,15.289532055634421,60.207640482710886,Rainy
2022-09-13,19.483936242691463,35.859014645011094,Cloudy
2022-09-14,14.743048006699677,71.98772083282157,Cloudy
2022-09-15,21.233244776262232,45.96322687154432,Cloudy
2022-09-16,23.039962547031987,59.174722316567056,Rainy
2022-09-17,15.801837764134042,52.28059749120459,Rainy
2022-09-18,13.158774523308047,74.99977632550676,Rainy
2022-09-19,27.806397994779033,60.17242709646354,Cloudy
2022-09-20,15.298648820213977,37.27874652515335,Sunny
2022-09-21,16.700286474488312,45.09728962924379,Snowy
2022-09-22,21.065085837149436,65.03116915466431,Snowy
2022-09-23,22.996846862611484,85.24289589495318,Windy
2022-09-24,18.718415531551788,30.682028566634468,Snowy
2022-09-25,22.303971638506276,72.869909879258,Rainy
2022-09-26,17.995069210517997,38.11172310729663,Rainy
2022-09-27,15.144146675878046,72.28345966377186,Foggy
2022-09-28,27.131584303935135,88.57653448347743,Rainy
2022-09-29,32.44220807165564,45.993807653385446,Windy
2022-09-30,28.479847665070846,64.68603267340873,Snowy
2022-10-01,20.709033195767272,84.18370480911746,Cloudy
2022-10-02,29.16717680907839,42.290423547823444,Foggy
2022-10-03,21.778517578619923,40.67927998913731,Windy
2022-10-04,17.613568647983854,93.35321080474822,Snowy
2022-10-05,22.331897871909895,78.62526559617275,Sunny
2022-10-06,19.528037467944074,81.56013541295552,Windy
2022-10-07,15.084409081271462,89.07780393284281,Rainy
2022-10-08,15.50839014283992,67.7598046619508,Cloudy
2022-10-09,24.010258693702582,64.18838494347247,Windy
2022-10-10,10.767340091676635,68.9380146108366,Foggy
2022-10-11,23.02068370221342,80.19125782524986,Windy
2022-10-12,11.852081986257808,57.3656113606583,Foggy
2022-10-13,9.394117775487821,36.66177727018887,Foggy
2022-10-14,10.805766981207508,39.49178192080193,Windy
2022-10-15,29.8338198596737,98.17320706296825,Foggy
2022-10-16,19.01883017528229,33.62023636385477,Cloudy
2022-10-17,20.432915900827094,79.81335362144044,Rainy
2022-10-18,27.096275229554756,96.05770698947023,Sunny
2022-10-19,24.670898742498625,39.048168306840815,Windy
2022-10-20,13.042473652978902,80.55850644964548,Foggy
2022-10-21,24.345031714093807,51.17196185862174,Rainy
2022-10-22,20.92090632351773,46.58755128178147,Foggy
2022-10-23,18.291609512020596,89.68358257491528,Rainy
2022-10-24,20.1214545706889,93.65475841101886,Windy
2022-10-25,26.39906010314011,54.293535657466606,Foggy
2022-10-26,15.570167589795236,74.28532756964873,Snowy
2022-10-27,22.004428395520605,42.31563440341228,Sunny
2022-10-28,19.95171381733546,85.28316054983769,Sunny
2022-10-29,11.014176923021907,91.68679215129944,Windy
2022-10-30,15.988734141345946,52.307064652707005,Snowy
2022-10-31,20.966067766168482,75.70768889732372,Snowy
2022-11-01,26.486710445464453,91.34923885240448,Foggy
2022-11-02,25.006655086733648,31.07624343748295,Windy
2022-11-03,22.986062522017125,89.90146834558286,Rainy
2022-11-04,15.923621694317706,70.04800409204381,Snowy
2022-11-05,29.006069954042673,58.98107693426058,Windy
2022-11-06,21.07620233819806,66.58310927941258,Sunny
2022-11-07,14.968172391607249,87.68434056433944,Cloudy
2022-11-08,19.085475095715246,80.54906846850207,Foggy
2022-11-09,24.481242126780796,65.08853954775745,Snowy
2022-11-10,20.03808749159079,64.13566281561954,Cloudy
2022-11-11,24.434323432913807,92.94803988867686,Sunny
2022-11-12,25.51846978731075,46.263954252252546,Cloudy
2022-11-13,22.002653422993532,36.69911870663978,Snowy
2022-11-14,15.711486884765531,77.50466830868024,Rainy
2022-11-15,20.677273315949904,79.15481985440351,Cloudy
2022-11-16,20.225829279694153,69.78702187746711,Windy
2022-11-17,29.296731669258143,48.37755815547092,Sunny
2022-11-18,11.86839031086585,50.71671422833364,Foggy
2022-11-19,19.32588774452823,73.1930260203195,Sunny
2022-11-20,17.079532266025403,49.10708396436227,Snowy
2022-11-21,21.675528100979996,64.97348486806587,Windy
2022-11-22,7.812178204003219,53.24520449192109,Sunny
2022-11-23,25.5746227974514,65.73067232942546,Cloudy
2022-11-24,20.068742436677667,46.05547297826041,Cloudy
2022-11-25,10.77649418185977,43.86423348206982,Rainy
2022-11-26,18.19443432630067,81.37988378690366,Windy
2022-11-27,23.044811708272622,57.00092761522846,Windy
2022-11-28,12.042760622709842,46.27963338153001,Foggy
2022-11-29,20.01611108221578,90.0894281037512,Foggy
2022-11-30,14.71263176099235,58.119033356413745,Foggy
2022-12-01,17.220074840605164,38.110911568238336,Snowy
2022-12-02,20.133691913373184,79.56335746918867,Windy
2022-12-03,20.917251267907883,49.59803924691929,Rainy
2022-12-04,17.646287509086363,69.5669571751329,Foggy
2022-12-05,21.36398194765132,73.65851281835114,Cloudy
2022-12-06,24.08988803627403,97.38020597643442,Foggy
2022-12-07,18.6054286244838,43.3770840430617,Foggy
2022-12-08,27.157838787246455,49.89204400892368,Windy
2022-12-09,27.3110708539021,95.25538824548244,Sunny
2022-12-10,17.856489672070857,80.28050344198004,Sunny
2022-12-11,16.81079721763208,61.45316978826485,Cloudy
2022-12-12,11.679135074169132,81.43413780605024,Snowy
2022-12-13,19.36715334180305,58.9369586246743,Foggy
2022-12-14,18.182811099419744,58.70360649652847,Cloudy
2022-12-15,23.89525610066496,40.94917279568797,Snowy
2022-12-16,12.451691969658505,66.5433772614948,Cloudy
2022-12-17,18.61304304128445,48.386508992951946,Foggy
2022-12-18,24.843721965555726,74.35154051673096,Cloudy
2022-12-19,16.3482145222102,57.90243279875552,Cloudy
2022-12-20,16.188192316361953,89.76047229105089,Rainy
2022-12-21,12.765298326220957,83.99538137913666,Cloudy
2022-12-22,33.102869230091194,40.355326323549136,Sunny
2022-12-23,16.2626341096731,71.37643742299306,Snowy
2022-12-24,13.498265838908305,79.9618434338663,Snowy
2022-12-25,15.9807479798424,66.01086381268779,Rainy
2022-12-26,16.128524597565978,37.97630973935803,Windy
2022-12-27,18.6530511077438,65.22731758867548,Foggy
2022-12-28,24.126861160437574,60.30292927594084,Windy
2022-12-29,18.50838415502083,52.80281051904963,Foggy
2022-12-30,15.38588342501586,70.77749000823027,Rainy
