Age,Income,Transaction Amount,Transaction Type,Location
62,46768.70667640028,210.86500915574226,Entertainment,Urban
65,57211.41714733404,302.3283561649861,Grocery,Urban
18,75577.80079496015,82.08321297963036,Electronics,Suburban
21,31396.11801686793,17.235481734776542,Grocery,Urban
21,47542.79112327186,34.201277187683786,Electronics,Rural
57,64243.413913086886,38.599406795240476,Online Services,Suburban
27,52294.6095054819,37.589545333135646,Apparel,Suburban
37,60671.021425583735,32.50334024120403,Entertainment,Urban
39,79287.89844543896,1841.7289743364465,Apparel,Urban
68,28466.58457026662,145.05381336409542,Electronics,Rural
54,70268.09309967447,239.38073111241525,Online Services,Urban
41,31219.659350958864,211.6214403579904,Electronics,Suburban
24,65806.27584776084,250.95796362124523,Online Services,Rural
42,57483.053804307274,192.5530583775138,Online Services,Suburban
42,43023.43077739906,110.21636842418823,Entertainment,Suburban
30,48533.08138679638,87.38884669575035,Entertainment,Suburban
19,138528.35593663144,106.58477417370622,Apparel,Urban
56,54765.91785370969,47.01484411820965,Entertainment,Rural
57,52719.06891611361,76.53200861444799,Electronics,Rural
41,56916.723005205415,44.38193332461552,Electronics,Urban
64,56768.24859407996,16.937394689114058,Online Services,Urban
42,25352.07528890424,300.0351925320092,Apparel,Urban
35,44154.89076068459,237.92415057440485,Apparel,Urban
55,46814.525807367245,241.18811194205924,Apparel,Suburban
43,43814.03388378716,95.12870390617968,Online Services,Suburban
31,40625.64917348299,108.74390728897454,Entertainment,Urban
26,47267.48582160429,243.0361181597229,Grocery,Suburban
27,53162.88284583195,128.32657914373388,Electronics,Suburban
38,22216.310844025065,3.634824667216293,Online Services,Urban
69,39399.92690187696,24.749083732058864,Electronics,Suburban
34,60120.506951297764,252.0376341193497,Entertainment,Urban
69,51933.91604549245,55.71216988816313,Entertainment,Rural
23,63495.825284187296,46.71401547931416,Online Services,Rural
33,53314.05122903354,402.2928525344121,Online Services,Urban
65,39999.482439292435,347.6463368476176,Grocery,Suburban
18,59739.29590210082,295.68613307231533,Apparel,Urban
36,39737.36950331111,466.0045210813755,Grocery,Rural
53,58746.26411182092,198.60014908890028,Online Services,Rural
42,53334.74180111817,385.46885288938455,Grocery,Urban
67,38534.69446578776,313.01877703254195,Electronics,Urban
69,37991.279518545845,151.93575618536178,Entertainment,Urban
47,46500.70875797171,20.090607997036386,Entertainment,Suburban
37,46928.378388471174,175.18501272606773,Grocery,Urban
37,23776.41538139568,92.00312318888214,Apparel,Urban
32,70311.25039656325,293.2887535117329,Online Services,Suburban
57,988.6608902136286,202.20300724007296,Entertainment,Suburban
50,49696.13998213694,157.4761409811336,Grocery,Rural
19,41414.890018305865,254.79347653976225,Online Services,Rural
27,26598.72145487198,364.39296457911433,Entertainment,Urban
50,46310.33095064054,90.98384304816105,Grocery,Rural
49,45555.12213122899,30.06982997475781,Online Services,Rural
28,65804.76396841882,5.068353954934594,Apparel,Suburban
41,46425.19074362911,12.633058137426218,Grocery,Suburban
53,49113.05612989695,220.8728626598513,Grocery,Suburban
29,72423.35489592521,216.3430067849975,Grocery,Rural
68,32621.671483017202,61.34536945313053,Entertainment,Suburban
46,93577.70226045571,605.3928005451937,Apparel,Rural
52,53309.53483170532,8.141023710035,Apparel,Suburban
18,31918.097503887646,49.34478573864395,Grocery,Rural
18,67658.11347102915,146.62575593270344,Grocery,Suburban
54,63721.46634931328,85.52509677083694,Apparel,Rural
23,42434.40840215127,115.59465680730688,Online Services,Rural
56,38956.303252225276,557.0463081556621,Grocery,Suburban
58,63917.88161566464,307.1829554232963,Apparel,Suburban
35,57464.686747228465,323.3715102777887,Entertainment,Suburban
33,75933.25772273849,243.77823949436677,Apparel,Urban
22,61017.935865063555,7.916177442348143,Online Services,Urban
59,14175.79879054497,268.54651940466357,Grocery,Suburban
60,53738.758078673054,39.64795734174401,Apparel,Suburban
49,40640.18297904912,409.18517420673953,Electronics,Urban
19,60430.48799990941,213.5618886911746,Grocery,Suburban
19,54854.38270345851,218.96997090240578,Grocery,Suburban
57,56514.30291257094,210.50092696543413,Electronics,Urban
59,58383.47642755021,285.77881547923835,Grocery,Rural
53,62640.85356822784,253.65718174408107,Entertainment,Urban
56,70894.6504325,241.69059748557962,Entertainment,Suburban
29,55513.26775125803,22.56605394659728,Online Services,Suburban
64,21512.47835746208,385.45705742051905,Online Services,Rural
36,27021.426302787477,208.73220693673017,Apparel,Suburban
45,51140.03272513441,5.219936879592396,Apparel,Suburban
18,42090.208692903776,249.4755639852802,Entertainment,Urban
32,47679.64447078428,71.27599287084007,Grocery,Urban
53,45510.91466090342,151.10100206774672,Electronics,Suburban
30,60627.615268967245,544.3287407505561,Entertainment,Suburban
60,41302.62310942014,361.23025264712885,Online Services,Suburban
38,75348.91240226469,581.8258117665114,Online Services,Suburban
29,43601.02450633564,179.9247797320955,Online Services,Rural
22,47046.0962662642,69.2100373003019,Electronics,Urban
24,21979.10239320966,176.41453795559315,Online Services,Urban
22,30390.589276875897,1136.0553216311441,Online Services,Suburban
65,43391.61058788117,64.10957660796814,Apparel,Suburban
21,35017.619856597536,63.430933660764396,Grocery,Suburban
30,34271.57917551957,278.13520770844957,Grocery,Urban
54,58578.367222484434,295.53033792720765,Electronics,Suburban
58,52254.03650519954,63.39557104439769,Online Services,Suburban
32,61827.10797798169,218.80098559622058,Apparel,Rural
33,81528.19472651374,208.19245720052237,Grocery,Urban
38,40232.345921190274,11.577687031989342,Electronics,Rural
53,55060.41308525414,1.4950790300241437,Apparel,Suburban
41,25631.270766126672,42.38118597433265,Online Services,Rural
33,45671.47816252245,337.62731919983923,Electronics,Rural
31,44679.79962021266,263.45395621448995,Apparel,Urban
39,36056.48719550778,197.14523279536212,Grocery,Rural
66,50486.87077490117,38.03074412271752,Entertainment,Suburban
67,45252.72947046128,705.4337330493579,Grocery,Suburban
23,65990.86673841118,148.1061681514669,Entertainment,Suburban
59,56957.88241963987,114.60725816998162,Electronics,Suburban
53,28260.938668611834,138.38800273406542,Apparel,Urban
18,59516.95782695018,219.67128519855947,Apparel,Suburban
49,71553.91512117405,40.96347280889498,Apparel,Urban
23,31828.690445026812,303.93277645695315,Online Services,Urban
48,54352.03249230042,117.73575503224865,Grocery,Urban
18,25937.00567023879,34.80087656194297,Entertainment,Suburban
67,65225.87191647933,44.27834308987928,Online Services,Urban
68,57044.9328505903,354.92812836506596,Electronics,Rural
54,160452.01469613254,220.36002042228162,Electronics,Rural
52,24676.507809472892,440.13458030236893,Online Services,Suburban
66,24577.990313366325,93.61745255806679,Entertainment,Rural
47,51943.815523683574,454.10090035653906,Electronics,Rural
21,53819.820607018926,319.4731259350102,Grocery,Rural
52,48891.783701955654,51.60393556297339,Electronics,Rural
60,43009.88508323252,1029.1058124180188,Entertainment,Urban
31,78202.59169828241,169.55016256374216,Grocery,Rural
66,64763.46618853092,351.4266799874374,Online Services,Suburban
57,71398.11781006353,698.9894787698371,Entertainment,Suburban
39,32707.298882027007,250.90970450988286,Grocery,Rural
27,71833.51804378498,216.68871719242324,Grocery,Rural
18,55710.57057180332,59.22531732014795,Grocery,Rural
28,46917.84978270077,236.43506791929647,Entertainment,Rural
68,62886.71862836408,27.615046478113527,Apparel,Rural
61,33888.767272525336,160.4013113460016,Electronics,Urban
41,61111.70125017009,226.05256862167295,Apparel,Suburban
20,72909.44771324957,222.42827684622443,Electronics,Suburban
52,53261.32555877966,119.68682821384422,Entertainment,Urban
53,62853.908750033166,92.14165883009301,Electronics,Urban
48,64314.09638772448,315.01661238292377,Entertainment,Urban
21,29042.662275931867,290.8358074217358,Grocery,Suburban
36,48828.19353275504,98.43976305786771,Online Services,Suburban
64,52593.142197444286,0.49432192069404834,Apparel,Rural
53,28473.4728479363,174.712977059016,Apparel,Urban
38,56155.177432701355,200.3180385253474,Entertainment,Suburban
35,49194.1631059381,93.13349659083732,Electronics,Suburban
68,42777.79734635298,100.72462745820144,Electronics,Rural
45,46583.40340982391,13.35008566368191,Online Services,Rural
32,39452.19002297655,143.27387598742337,Grocery,Suburban
59,61762.675740172366,170.69009894510697,Electronics,Urban
19,48600.07399831292,169.3080306177905,Electronics,Rural
54,43029.71864090199,4.582988996706732,Grocery,Suburban
28,47266.68496669308,282.59891028975915,Online Services,Rural
40,65182.61086869828,25.531790695364663,Electronics,Urban
61,54544.19131103877,62.356589041775024,Entertainment,Suburban
58,47746.038000139444,123.59551507348542,Grocery,Urban
29,58251.85306982697,25.27504521446805,Electronics,Rural
20,70242.96132619806,175.42640077469315,Online Services,Urban
69,33394.01411875643,68.88892496074524,Apparel,Urban
34,60476.92952209939,66.09406352949831,Entertainment,Rural
50,53124.5245026028,101.5362204136091,Entertainment,Urban
18,56913.8512302327,77.16829387661963,Entertainment,Suburban
56,61320.410016309484,96.65574711524295,Entertainment,Rural
37,74174.82447986446,27.773272244737456,Apparel,Urban
64,16250.842015477865,103.71130535067105,Apparel,Urban
60,78289.76300255593,320.660746777805,Apparel,Rural
69,75160.35073313923,191.55929344648132,Apparel,Urban
58,66360.75209985896,323.34772043222915,Online Services,Suburban
31,72256.74671917426,6.936479987012618,Electronics,Rural
48,33203.6212935868,187.44877477505497,Apparel,Suburban
42,37300.88041483351,148.69671020844996,Apparel,Suburban
20,48680.44534630035,308.40646534745895,Online Services,Suburban
21,47859.46403893143,370.2928901843532,Grocery,Rural
48,48635.66030647258,452.68447548829494,Online Services,Rural
52,181196.44303082005,24.474976791901753,Grocery,Suburban
61,26306.192078137155,10.03183209631257,Entertainment,Rural
31,70808.78299281071,339.08178359580273,Online Services,Suburban
66,37824.01745783051,30.778401489742436,Entertainment,Suburban
58,37148.698814681324,193.49736966634697,Grocery,Urban
26,56440.298466130866,198.15835610708547,Online Services,Suburban
37,37647.98641174813,978.3131407163808,Grocery,Rural
49,30803.860143544174,325.72003125205487,Grocery,Suburban
26,52929.96534308335,153.84036911911198,Entertainment,Suburban
44,38198.88387412277,200.95878553816928,Grocery,Urban
20,38275.85409195148,91.22415570878842,Electronics,Suburban
21,57332.36438035395,111.78109814793659,Apparel,Suburban
62,68952.04632170586,1150.2697286989996,Online Services,Urban
32,36834.68247859592,314.2764313383517,Entertainment,Urban
50,63562.19408851689,32.6834815447577,Apparel,Rural
22,56248.79876599702,427.31984804746986,Entertainment,Suburban
21,43586.97734078454,115.36955329040208,Electronics,Suburban
63,50738.38174062249,47.024142906163924,Apparel,Urban
29,74513.21181929618,372.31104194944555,Online Services,Rural
40,51646.724852546904,136.02866118864205,Grocery,Suburban
31,49308.69511121922,747.1482405069088,Grocery,Suburban
63,42534.66184858546,396.73727606965036,Apparel,Urban
29,57721.79328999532,162.96214331590807,Entertainment,Urban
34,64875.05194366454,273.81151803433994,Online Services,Urban
42,83809.9101506175,294.32511792134636,Grocery,Suburban
47,67480.46308203603,368.98413558501693,Apparel,Suburban
39,52584.28982923621,33.80064979174625,Apparel,Rural
64,63647.430537429726,59.20769930311111,Electronics,Urban
43,75542.1291027763,49.62692226536103,Online Services,Urban
34,40160.69605394463,74.63138737609864,Online Services,Urban
37,53155.7549970668,258.9193996752006,Entertainment,Suburban
51,49047.140631975264,74.21316482749702,Entertainment,Rural
58,33725.45022191997,445.07341077935166,Apparel,Rural
50,50442.71719175904,206.89192619683757,Electronics,Urban
54,29776.63861257191,361.02801133628105,Apparel,Suburban
24,59424.40296389106,105.41259493958424,Entertainment,Urban
39,71674.13414483139,90.0115006114879,Grocery,Urban
49,64640.412047918195,154.8400954459231,Electronics,Rural
31,49145.99108155527,40.127761980525165,Online Services,Rural
25,35414.234453758996,115.13926548158432,Grocery,Suburban
42,75221.37259704906,125.21498042171751,Grocery,Urban
33,57942.18436296792,170.53278524018782,Online Services,Urban
59,58119.48337084844,78.8583392678837,Apparel,Suburban
36,32389.9835844783,293.2964780645467,Electronics,Urban
58,39686.48070020257,11.32841573831901,Grocery,Suburban
33,69087.20483337865,226.5250965084262,Apparel,Suburban
29,60303.18241713538,382.0530318575932,Online Services,Suburban
56,74632.92763801049,323.95291453875495,Apparel,Rural
65,41843.19578816144,191.95230204351367,Grocery,Urban
47,58533.4714057044,187.6971975004185,Electronics,Rural
19,40150.24428774617,190.8963815209651,Electronics,Rural
49,62498.007254737844,82.8296659389536,Online Services,Suburban
62,15243.060387616351,273.12898840846026,Apparel,Suburban
42,55850.89091996924,74.8016315177822,Entertainment,Urban
42,61780.065290161365,77.46696365579646,Electronics,Suburban
21,33538.13501343345,160.85800925591968,Entertainment,Urban
36,53184.43110174961,137.48221691139042,Apparel,Urban
65,51162.1216514174,179.45777231487205,Apparel,Urban
21,43492.91601061939,432.907400684199,Entertainment,Urban
60,48038.11128660235,165.7699984503435,Online Services,Urban
30,49456.85004631666,327.78965031912657,Entertainment,Suburban
56,19243.98735316964,391.6792014487063,Grocery,Rural
53,61107.04521946854,163.64493390666033,Entertainment,Urban
40,48786.49288790162,103.6191788115199,Entertainment,Rural
23,38481.11573369549,123.11665450097995,Online Services,Urban
41,66080.33549869084,115.69960532019445,Grocery,Rural
61,55033.198037577706,166.6851426978693,Apparel,Rural
50,110178.77748087037,288.0667988884588,Grocery,Urban
29,24475.86613001174,152.52772157168582,Entertainment,Suburban
58,46025.10683146665,235.36993873283126,Apparel,Suburban
38,30158.71907748473,253.60372191496936,Online Services,Suburban
28,54912.140373891685,375.9176692737545,Apparel,Suburban
61,51116.065512622874,72.39066004829743,Online Services,Rural
55,50616.18943373921,225.76961837312314,Entertainment,Urban
46,68894.5580339077,82.95147821201479,Grocery,Urban
65,63374.99972146958,125.75708241504321,Grocery,Suburban
58,57584.25660177147,68.28357375702862,Grocery,Urban
20,39748.749904063516,60.60359756960343,Grocery,Urban
45,36852.63402617592,71.85178532773395,Grocery,Urban
37,49915.780070865425,393.06023956370075,Electronics,Rural
43,71998.43516732441,3.3099235375846234,Entertainment,Urban
41,39113.096959609655,284.33991362302703,Grocery,Urban
69,24007.737659024817,323.48453979393594,Grocery,Suburban
64,60499.38926056625,21.405759583482507,Online Services,Rural
38,50480.064212468234,218.75708409214752,Entertainment,Rural
47,53169.32425889048,125.82419982132333,Online Services,Urban
21,51310.86706325878,392.27046872901906,Grocery,Urban
53,59757.871047298846,133.20865809101542,Entertainment,Rural
57,40719.12371408744,183.7015545548864,Entertainment,Urban
27,51337.17153951975,395.82361236274375,Entertainment,Urban
27,53662.22936628918,416.8258343843051,Apparel,Suburban
59,37329.78932713215,209.08150834421332,Electronics,Rural
41,36461.35749960548,321.4996650793397,Electronics,Suburban
21,62251.57550304652,515.1388807103559,Grocery,Suburban
64,60379.52808527411,219.1938524321851,Electronics,Suburban
44,31170.793482248708,99.39957627775817,Entertainment,Rural
68,68775.84426771323,34.1426876901442,Apparel,Urban
62,36773.78462161688,191.8395639415141,Electronics,Suburban
21,177000.6751445579,449.812058226835,Electronics,Urban
49,57366.49062806234,228.21543996937993,Apparel,Suburban
27,51353.508356000704,112.85742870744286,Online Services,Urban
28,49221.837866382586,241.10924945779215,Grocery,Suburban
45,66913.81816078462,259.6343789020658,Entertainment,Urban
63,50600.52976360422,123.48921368587351,Apparel,Urban
25,31490.238713466773,19.55481848532426,Online Services,Suburban
57,39046.29860990509,45.090661988619985,Grocery,Urban
39,12843.538795890527,182.59664654515257,Online Services,Suburban
51,51294.56557184964,245.74151826497877,Grocery,Suburban
62,69228.78780386779,328.96431849279423,Electronics,Rural
52,42944.12758981172,241.92730152846843,Apparel,Suburban
52,34656.4360613381,229.1437466389856,Grocery,Urban
42,67460.03732545578,147.81387397373553,Apparel,Urban
51,42088.81924228641,4.258649444912237,Apparel,Rural
23,76840.64298624134,116.28687573998647,Online Services,Rural
58,59286.89029654553,112.86624734674109,Entertainment,Suburban
54,33521.86809484231,29.47951106528211,Online Services,Urban
18,58814.418461826885,167.93440366939393,Online Services,Rural
29,71502.17172169324,78.83338534601835,Entertainment,Urban
52,78847.88231419255,13.61381494286671,Entertainment,Rural
23,49821.379259254005,330.280726263293,Online Services,Urban
34,49335.75062055115,178.78730327092205,Apparel,Urban
26,72492.77110630192,296.0958585008083,Electronics,Rural
19,49847.52253055086,1087.5337294187216,Entertainment,Urban
35,58059.550377088,314.33469468589965,Electronics,Suburban
66,47290.37549686591,310.0121535588046,Apparel,Suburban
53,44730.13928083404,217.14919072807936,Entertainment,Urban
45,45748.71442066817,42.11852395377201,Grocery,Suburban
58,60311.25603556009,356.1506728576271,Grocery,Urban
54,49171.83311079174,319.84609131667867,Online Services,Suburban
66,56966.94592473219,456.31542037816047,Electronics,Rural
43,68291.09225666508,234.5540667686201,Grocery,Urban
21,41607.57617902355,188.23786441704314,Online Services,Urban
57,38003.69530482376,213.04783512826435,Online Services,Suburban
53,49070.65378213778,110.27163800996736,Online Services,Rural
68,57179.24325509867,38.51229708445455,Apparel,Urban
48,58127.83256798861,68.93783963487382,Electronics,Rural
47,45857.01164828557,181.78594421704034,Entertainment,Urban
67,50126.68439057385,79.619946077365,Online Services,Suburban
51,56269.00625655858,40.96745161619967,Entertainment,Suburban
36,39246.31353067013,1999.1373896673308,Grocery,Rural
35,74769.09297147635,73.65849643564846,Apparel,Suburban
47,61249.7923419387,458.2045090820193,Entertainment,Rural
38,70103.55852734519,232.2655860288653,Online Services,Suburban
20,28390.91744636701,280.54714096256987,Apparel,Rural
23,20382.03172561958,275.0955185170765,Online Services,Suburban
55,27606.43317686043,355.06566804483407,Apparel,Rural
30,43397.09968167825,241.4885209883822,Entertainment,Suburban
62,48801.07299661655,35.87687271361048,Entertainment,Rural
20,34518.72921284009,206.924147589864,Grocery,Urban
65,61228.17217200379,126.08511851394437,Electronics,Rural
45,88245.3724329095,26.15415310868393,Online Services,Suburban
39,41177.3008804429,458.9394533819369,Online Services,Suburban
57,59189.12562903307,99.96515815569597,Grocery,Urban
57,47147.20242615179,14.563548274461454,Apparel,Suburban
29,83738.63660174349,176.39973690947897,Apparel,Urban
40,70846.17373278545,228.08654931509486,Entertainment,Rural
48,42331.976413444325,69.03631881554625,Entertainment,Suburban
35,44782.87898941358,234.82161941937312,Online Services,Urban
24,53257.733857836145,118.70832534730908,Electronics,Urban
25,27358.311523854798,195.31576621375143,Online Services,Suburban
36,54516.03950603715,131.06184301635167,Apparel,Urban
46,55637.70479311667,281.5960599715303,Electronics,Urban
61,39779.35797087942,61.100555361117415,Electronics,Rural
37,60810.25354475707,148.4843539149681,Grocery,Rural
67,75367.85755685758,1423.7698092543608,Entertainment,Rural
59,48972.22399025566,17.681474951027752,Electronics,Urban
47,43001.586599976974,119.32844827000017,Online Services,Suburban
64,58770.685412460436,12.606150030528667,Apparel,Rural
39,61927.63046046228,269.95242755137446,Entertainment,Suburban
27,55412.871938910685,61.08834255093859,Online Services,Rural
43,42763.7968809903,256.51527142228673,Apparel,Urban
68,44784.50796183671,106.210234977315,Online Services,Rural
50,31001.619845075536,115.1281509507572,Online Services,Suburban
45,38501.503153913305,156.59223304182464,Entertainment,Urban
27,53085.94526975724,214.02498497556448,Apparel,Suburban
46,40874.40686581726,185.21313253177118,Online Services,Urban
61,45152.44972640449,107.59399302481202,Electronics,Suburban
35,25770.976111868786,305.32095201851007,Entertainment,Rural
59,56505.1776237451,79.03979293870941,Grocery,Urban
18,46730.37042078751,11.765472432226844,Electronics,Suburban
40,65349.86694423203,119.3271677147939,Apparel,Urban
34,47987.97090550343,110.22533415297552,Electronics,Suburban
60,50700.85737563772,121.80281221391711,Online Services,Suburban
54,41073.6770943086,99.46780050464005,Grocery,Urban
48,20754.253089296413,22.6918198984813,Entertainment,Rural
42,42049.61127577733,93.18676796857608,Grocery,Urban
21,34094.6673884722,1265.877403232114,Electronics,Rural
69,36372.67686354627,170.08744878846673,Grocery,Suburban
26,49475.36884737689,423.6689866614846,Apparel,Urban
45,28604.041156797568,430.70039457383325,Online Services,Urban
47,30461.94494241605,77.8444570153433,Online Services,Rural
64,32138.629181460772,81.15838273594636,Apparel,Rural
41,47441.85769565871,399.39323279440094,Online Services,Urban
50,62210.77662974488,257.50313856802893,Entertainment,Urban
37,42197.80572062981,99.04319291747123,Online Services,Suburban
26,79019.03061888568,270.0103603762066,Online Services,Urban
25,49217.064253179684,27.456352982906907,Electronics,Urban
41,34137.71516367316,51.718817600197234,Grocery,Urban
31,47628.65028872484,197.07655114894447,Online Services,Suburban
35,46423.82723145439,31.13225910671119,Electronics,Rural
18,54192.49856668171,95.1777659596892,Apparel,Urban
29,79431.16645130902,142.32175490473287,Entertainment,Urban
46,68703.95916845069,136.2587580223406,Apparel,Suburban
54,52817.90484937648,173.3367587596955,Entertainment,Urban
43,69221.18319756642,61.03898936307412,Electronics,Rural
50,70628.9677586222,368.76932878381143,Apparel,Suburban
60,71309.12723235147,69.71709872778968,Electronics,Suburban
32,41640.87672414599,18.946574807041785,Entertainment,Urban
40,74869.61788205907,397.94545346226835,Online Services,Urban
46,56792.311946932,307.722875531162,Electronics,Rural
38,44473.50630146566,165.71995495483958,Grocery,Suburban
36,30698.90558636593,434.75712031546357,Online Services,Suburban
22,25482.180670368227,422.2508187343769,Online Services,Suburban
40,49845.85041070637,45.633021877685174,Grocery,Suburban
53,46159.48107050619,70.46489427463229,Apparel,Suburban
37,63770.604308306865,146.03376695416955,Grocery,Rural
25,48091.154399251805,250.35956265681216,Online Services,Rural
26,53265.06028637212,253.20827382351973,Apparel,Rural
31,56486.504986604275,138.09145136921865,Apparel,Suburban
23,42264.039007731044,170.1109996566184,Entertainment,Rural
18,45535.95047536954,37.784418026479116,Grocery,Suburban
26,40194.4702505702,318.8719900371344,Online Services,Rural
33,78031.35088822216,200.80272775806228,Electronics,Urban
33,53561.14582477411,77.97595222318975,Entertainment,Urban
29,30200.663755356807,64.09181169905386,Electronics,Suburban
22,37827.671833412875,422.33836888269326,Apparel,Rural
57,43257.511217059495,26.790747700999972,Online Services,Urban
46,100807.06581095296,98.42447591178345,Online Services,Suburban
63,54696.17745050421,67.02366195372387,Grocery,Urban
44,56465.61276805979,210.56014173504144,Online Services,Urban
28,30283.56859985427,102.96294516533644,Online Services,Suburban
64,84819.3586929836,104.96351119131845,Grocery,Urban
67,64492.65720657705,203.5549578321773,Grocery,Urban
45,49451.47849963618,171.5456574475179,Online Services,Suburban
69,42029.50151806607,133.21703738043215,Online Services,Suburban
53,31372.265351782527,293.5820168128024,Entertainment,Suburban
59,70426.48672406783,168.18240103469458,Electronics,Urban
36,63344.510542216376,275.6014191376713,Entertainment,Rural
52,33766.091885960435,97.95855988862351,Entertainment,Suburban
69,40691.20588934645,292.2440695271107,Apparel,Rural
48,87574.56691100504,400.37566170141673,Online Services,Rural
61,153234.3207802857,544.5096925767714,Entertainment,Urban
36,66407.26771598156,30.8733116234703,Online Services,Suburban
63,43067.91362035692,11.296133075887099,Entertainment,Urban
41,37749.87867485026,348.28905849569543,Apparel,Suburban
19,29080.770503987824,15.028021480579312,Online Services,Suburban
24,61736.62470541974,144.71613940527956,Electronics,Rural
60,65659.26789052619,173.94941140694124,Apparel,Urban
66,32449.574456255796,159.63337500187885,Grocery,Rural
48,45421.754821093666,60.6397019093759,Electronics,Urban
34,52640.75444435761,311.9102949516629,Entertainment,Rural
44,63853.363375978064,37.80376531336726,Online Services,Suburban
53,37285.78937815943,93.10282131813129,Online Services,Suburban
67,38250.804901341195,123.16992118803219,Electronics,Suburban
60,17397.595898743788,301.6052684759446,Grocery,Urban
27,32625.68740969516,92.42234558855051,Online Services,Suburban
62,49731.11791747807,3.302784278414265,Grocery,Urban
31,72352.17429249824,33.083660738711416,Grocery,Rural
24,35053.34957547636,123.40121784656662,Apparel,Rural
56,41877.450201263615,82.60612394293614,Electronics,Rural
57,42454.831948453895,203.21306315398,Electronics,Suburban
26,40297.4640153154,222.2422560777186,Electronics,Urban
31,60779.115788021605,228.69597056280415,Entertainment,Suburban
25,35634.477372987174,165.56036835887417,Electronics,Suburban
34,40384.86257800511,84.33732027620604,Online Services,Suburban
40,68990.6181939936,68.08733210483317,Online Services,Urban
33,56435.67502510776,157.44290064265485,Electronics,Urban
43,34854.79386986367,87.81159550381959,Online Services,Suburban
26,57709.19368211069,354.02808946543263,Apparel,Suburban
53,47018.52936986238,55.168649730970074,Entertainment,Urban
24,88245.1046957327,48.01309828984777,Entertainment,Suburban
35,35711.36019442339,257.48648866590133,Grocery,Urban
25,45594.184398611775,204.54096255461417,Grocery,Rural
38,48628.07310918255,995.5917033474108,Entertainment,Rural
43,51675.35674760757,57.637386024940895,Electronics,Suburban
20,47371.159385844396,66.65864461046192,Electronics,Urban
34,43857.97989999813,241.27480374809042,Apparel,Urban
68,65375.78413031668,115.6341937756784,Entertainment,Suburban
63,49374.04590823517,160.44504100925317,Online Services,Suburban
41,25269.301121179233,15.557952282645957,Online Services,Urban
42,55321.36814717119,234.7892785293641,Grocery,Rural
22,34177.17178084163,191.30054000636233,Entertainment,Suburban
54,63239.95201389701,206.77671684454407,Grocery,Urban
62,65547.09146289386,58.29335432436585,Apparel,Rural
67,52371.671865582175,130.48330418800114,Grocery,Suburban
41,60074.87273321793,192.06982948797722,Apparel,Rural
48,72817.13053182134,138.17426842220496,Entertainment,Rural
43,59165.68504707242,377.1555392422178,Apparel,Suburban
38,35781.83720383834,589.7937155591117,Grocery,Urban
51,124292.53746314967,393.28099669326326,Entertainment,Urban
55,57813.84751217962,0.6352656709804876,Grocery,Urban
41,56248.89437375388,183.15993589879082,Online Services,Rural
45,43193.92170015313,217.90306772021708,Electronics,Rural
47,59404.0942225732,266.04517312392784,Apparel,Rural
51,58164.78916949782,232.17335936021925,Apparel,Suburban
69,62194.215291912915,163.51583654166114,Electronics,Suburban
69,67642.76582365503,92.98658520018189,Apparel,Suburban
40,32160.114296265492,86.04448103757048,Apparel,Rural
25,65643.55567376297,183.7710245803635,Online Services,Suburban
59,58960.688331795514,13.726003440948404,Entertainment,Suburban
67,62078.34638129518,77.49513706034682,Apparel,Rural
27,76974.92293352152,14.991274652344217,Online Services,Rural
18,42451.45849512283,219.32090099362443,Apparel,Rural
37,104289.16597735176,72.12497747089083,Entertainment,Urban
54,65609.91725242266,99.21234752082734,Online Services,Suburban
35,37878.293086497986,601.1970152363504,Apparel,Suburban
38,66332.72640987692,128.93937397197425,Online Services,Rural
66,25247.988310836383,112.7579583950641,Electronics,Rural
21,27683.72945505092,114.12131019941803,Apparel,Urban
60,63451.90503049783,14.376762150524527,Grocery,Suburban
19,78958.32137815513,68.55148363099923,Entertainment,Rural
38,43874.43976874555,156.31999019062084,Apparel,Urban
54,59802.013277091304,272.3648339509949,Apparel,Suburban
22,68220.66649287296,100.31863271515654,Grocery,Rural
34,44444.53404415471,84.7331811281837,Online Services,Suburban
66,48644.87979038054,62.16479969330651,Entertainment,Urban
65,52690.28854523522,244.1410852798694,Grocery,Suburban
28,46223.85018995981,326.36746785714547,Entertainment,Urban
63,50308.20775951818,35.50273999890314,Apparel,Rural
58,59610.26425595972,227.0087303462942,Entertainment,Urban
48,50023.89747813507,115.78107961034019,Online Services,Rural
45,49489.30551606133,0.6517157721312259,Electronics,Urban
61,50534.64946273343,250.5923020386379,Entertainment,Suburban
49,49868.46951184693,180.2966838570976,Electronics,Rural
38,44483.583364651364,430.2711576150214,Online Services,Urban
24,25292.528246222922,20.473894445101536,Grocery,Suburban
27,39584.30245075311,180.85305630717704,Entertainment,Suburban
45,43601.903408453014,292.97398626751703,Entertainment,Urban
65,63634.841568283206,308.7393949130817,Entertainment,Suburban
53,72061.59363701883,23.30822695372828,Entertainment,Rural
37,48499.595370334595,114.73405570613963,Electronics,Suburban
30,43769.02888144546,118.53500288818995,Online Services,Suburban
36,19645.285945436975,111.28018596548213,Electronics,Urban
67,61772.917207768536,150.61273570743654,Apparel,Rural
28,40670.62037248252,241.2540843815724,Apparel,Urban
52,82841.85110179342,160.3048472793175,Grocery,Rural
51,68034.41221401472,113.93406563334038,Grocery,Rural
61,74092.0210766719,85.22558375174373,Entertainment,Suburban
21,41125.51133653386,51.01244573100607,Apparel,Suburban
30,33633.91070457786,258.12373049848526,Electronics,Suburban
54,38165.356584746005,79.82312469625458,Online Services,Suburban
19,38762.069101646186,53.2931064338552,Apparel,Urban
67,54339.85217939317,37.085407745997145,Apparel,Urban
18,49787.043141883674,169.81912610567667,Electronics,Rural
57,36484.33747187897,18.655720720096937,Apparel,Suburban
42,63612.12494450656,172.03487022806732,Electronics,Rural
54,44985.18124737877,9.97667942253915,Electronics,Urban
53,44188.19024438348,564.5981338546892,Electronics,Suburban
23,50000.15593378632,125.49120241103341,Electronics,Suburban
24,53591.08785384524,441.85487340957985,Apparel,Suburban
21,52956.44037028061,53.97872171442725,Apparel,Urban
52,58872.847109828166,323.5127062166222,Online Services,Rural
58,37925.99409503782,471.8222431258118,Grocery,Suburban
51,33458.401427636236,318.96328411002406,Online Services,Suburban
46,38565.53234305051,768.1477764330135,Electronics,Rural
22,53919.70842352318,689.0496544175653,Entertainment,Rural
44,38692.37858158304,202.78104645541958,Online Services,Rural
50,120084.4093001392,81.64379681412612,Entertainment,Suburban
63,34162.22305980228,313.9198898571899,Entertainment,Suburban
69,55501.51796640397,529.4591437425405,Apparel,Suburban
27,77028.55603317652,207.5022505671684,Electronics,Rural
23,19511.89897556227,217.82534707137495,Grocery,Suburban
51,39159.9139270002,481.35984349339486,Grocery,Urban
25,39188.28602968054,61.77518557851667,Grocery,Suburban
48,57431.79318233055,86.32908472266101,Grocery,Rural
26,45637.88448747389,325.0271620544545,Grocery,Urban
38,34493.13828674046,208.47435001849527,Entertainment,Rural
25,52678.23382142061,373.0419788979285,Entertainment,Suburban
21,27870.125198946385,68.79872877326073,Entertainment,Urban
39,31230.566741792423,94.02928658724072,Electronics,Suburban
45,14485.868402171822,280.9753883706479,Online Services,Rural
62,39931.438438223704,135.91624838638074,Apparel,Suburban
21,32196.236943344626,74.2208080979415,Entertainment,Suburban
56,28436.201296598145,170.6826275716981,Electronics,Rural
38,56077.25909496726,30.171879382369895,Electronics,Rural
25,61436.78916850849,286.7420230096523,Apparel,Suburban
37,61759.828485545346,93.11737270220846,Grocery,Rural
49,33819.784755246794,221.68008099356547,Electronics,Suburban
18,37405.05297300055,97.24326372056066,Online Services,Suburban
23,148283.31108444172,157.41307214880578,Online Services,Urban
45,24880.098978915554,171.71910575987147,Online Services,Suburban
61,51016.88567688086,197.40353031154484,Electronics,Suburban
48,70147.68612700733,239.25040781451634,Electronics,Rural
27,124727.83069835755,101.05308839103611,Electronics,Urban
37,50926.86510455442,145.65603545771773,Electronics,Urban
25,41389.98923794849,80.37801123761002,Online Services,Urban
39,64148.490317055264,96.32997313977992,Apparel,Suburban
55,78769.50266592522,117.52674528757026,Apparel,Urban
46,36608.70987645304,116.59261330710274,Electronics,Urban
26,39143.93540963135,319.0375598565811,Online Services,Rural
61,56825.279811949666,465.1863228559707,Apparel,Rural
64,40901.73241508567,219.9956644402929,Online Services,Suburban
18,53669.2941648943,49.014254819870885,Electronics,Suburban
58,71337.27021621802,321.6293168747045,Electronics,Suburban
69,17272.985183745724,62.91205623139945,Entertainment,Rural
56,57616.77803643657,387.3911414685473,Electronics,Urban
43,45578.37447447261,270.4133273829832,Online Services,Urban
28,55552.88564296821,122.12964396683597,Electronics,Urban
69,77949.2536796765,24.32557234068122,Grocery,Rural
52,36228.753549571105,8.29874278443792,Entertainment,Rural
41,25867.50314762501,144.36284878134705,Electronics,Rural
50,55106.41834533113,100.3868032690273,Electronics,Rural
37,66044.17391270597,279.21144967021723,Entertainment,Urban
44,113279.28224952178,255.2036213719696,Grocery,Urban
32,27110.221294084815,149.24506487809072,Entertainment,Rural
50,51082.9833472285,27.539098584298614,Online Services,Rural
69,52276.65077890106,66.7986710274472,Online Services,Urban
24,26485.306302567136,48.49146119875425,Grocery,Suburban
51,61832.87968862163,239.57602211560547,Electronics,Suburban
62,89408.32975610787,176.83724158183784,Entertainment,Rural
68,28814.752522160423,223.399028811361,Apparel,Rural
63,50240.67057209764,130.13569514610464,Grocery,Suburban
59,58428.77745867652,279.4502711290571,Entertainment,Rural
22,10546.286156599446,183.70561766458925,Entertainment,Suburban
47,43638.94615314202,302.91162452700854,Grocery,Urban
45,82362.9672414547,110.84847910880852,Apparel,Urban
35,70881.66856667372,46.88822647870315,Online Services,Rural
53,59284.07329558275,79.93276675592148,Online Services,Suburban
20,70564.22757360035,53.59255533230146,Electronics,Rural
38,25225.904641437468,7.7870871926408824,Electronics,Rural
63,76382.08515693583,62.37926539060768,Online Services,Urban
33,46390.12382030046,130.84174469911378,Apparel,Suburban
54,65165.616225140715,271.29488089935944,Grocery,Suburban
59,50942.43484010766,1270.4863190330657,Entertainment,Rural
22,55505.28598524874,117.34556637631432,Electronics,Urban
67,57262.31372801089,306.0347935144862,Online Services,Suburban
68,59221.63074159779,165.38428686646466,Entertainment,Suburban
31,59739.31571331877,32.95528450085537,Grocery,Rural
48,74755.21304809573,93.72877143365741,Grocery,Urban
63,57606.70085254242,32.73548150256053,Electronics,Suburban
41,70866.47830400841,367.07556257947476,Electronics,Urban
52,47041.39724376024,161.7600178233414,Apparel,Rural
53,58943.23978360585,309.8827333701612,Grocery,Rural
27,55945.96822967124,240.79039491018318,Online Services,Suburban
44,62715.95116748769,92.3179873734242,Grocery,Urban
44,49403.19064469975,152.84615431424794,Grocery,Suburban
40,23137.811046651863,561.3851374020771,Apparel,Suburban
30,22704.984797791487,45.182583858847224,Grocery,Urban
33,17773.56532644193,470.6620500116521,Online Services,Rural
52,84249.30022287462,239.2496786993345,Apparel,Urban
44,55896.782935397234,143.17557431748608,Grocery,Urban
69,77916.2987173129,228.1971389229514,Electronics,Suburban
56,80002.10409826048,96.94620104489934,Entertainment,Rural
64,57596.90168919612,135.05522918780747,Grocery,Rural
34,39140.18257440688,76.18068671286514,Online Services,Suburban
65,50555.308820744285,6.409113563900718,Online Services,Suburban
58,41001.45613165129,108.20942553139791,Electronics,Rural
18,63116.00728369428,178.95813057293367,Grocery,Suburban
28,54005.16805436363,75.46595311939535,Grocery,Urban
29,61310.100544918765,300.2568483228812,Grocery,Urban
31,38542.03884069292,232.39632912456523,Online Services,Suburban
25,66125.732286694,58.902644935268846,Apparel,Urban
48,56462.31114162146,140.4592821062083,Apparel,Suburban
24,35327.50332554919,408.66607457766975,Electronics,Rural
63,37973.21047057638,142.98724796984752,Online Services,Suburban
48,21914.209107770304,175.09699788453656,Entertainment,Rural
33,32509.169002496565,145.7547470258064,Electronics,Suburban
59,50307.23706113543,342.067957664882,Apparel,Suburban
56,33933.84852984974,199.35424954552747,Entertainment,Urban
61,45250.731673531394,87.85727361063019,Electronics,Urban
36,33874.9064903815,199.15103002181127,Electronics,Urban
25,36414.13948150506,243.96983184154928,Online Services,Urban
46,52427.93028177194,138.35406625062885,Grocery,Suburban
19,73241.2568587616,42.58979810251719,Apparel,Urban
59,42059.44293256,63.596175963260556,Apparel,Suburban
20,71623.88889290615,117.23748329772341,Grocery,Suburban
68,52394.570967786465,230.109204180018,Entertainment,Rural
46,45079.00131012882,100.56301312765481,Entertainment,Suburban
32,32823.44898168407,359.543227767048,Entertainment,Urban
55,53440.796181067395,64.94485960004371,Grocery,Rural
45,72175.12938026793,335.1000463353872,Online Services,Rural
54,67951.59953501233,506.3629619256236,Online Services,Rural
49,49057.490958929404,762.4033897623415,Electronics,Suburban
47,59956.43732090287,284.54923633855384,Apparel,Urban
68,63462.18789120407,103.73023257640833,Grocery,Rural
64,50411.51798319091,43.39934384253459,Online Services,Suburban
47,37623.03587793307,213.98929328816178,Apparel,Suburban
68,36736.85521883599,9.192595790884326,Entertainment,Rural
51,47203.62975695583,50.323012314298936,Grocery,Urban
30,59504.05732126779,217.07774101781712,Apparel,Suburban
50,39654.74856125228,142.8532582726164,Online Services,Rural
59,67545.92924293764,344.4719490344076,Entertainment,Suburban
34,39565.842347389655,173.1790250940221,Electronics,Urban
20,34616.15734973203,104.07681032599781,Electronics,Urban
26,27044.22908620794,137.83928817700235,Electronics,Urban
69,50574.74017827752,104.81208708944743,Online Services,Urban
28,45139.06877551913,201.90466330707235,Grocery,Suburban
66,52630.16408876966,250.69432002225767,Apparel,Urban
44,81903.53524673333,176.42432782155993,Online Services,Rural
45,72189.11313673167,262.949764510339,Apparel,Urban
19,46339.78144986085,127.79151428732493,Online Services,Urban
18,48518.90870336983,106.48621811033644,Entertainment,Rural
23,38934.15036990174,38.34030733309884,Online Services,Urban
42,50312.3090184021,35.443752728149036,Electronics,Urban
52,42810.540063951536,316.36831335874274,Grocery,Rural
33,45760.87788589105,985.6583812512034,Apparel,Urban
21,36582.97587488547,801.0947053746826,Entertainment,Suburban
64,40567.10265169063,221.1259792514353,Electronics,Suburban
55,39898.03406089633,342.0586009471439,Entertainment,Urban
61,64811.26270465212,161.3074644909286,Apparel,Suburban
37,53595.240070989326,81.58756520568443,Online Services,Rural
42,51106.87986333405,104.24086778604354,Grocery,Suburban
24,60384.94905935545,53.13806838783026,Electronics,Urban
38,61910.82631162503,171.609781632117,Grocery,Urban
24,25915.97982203208,173.40414664288005,Apparel,Urban
46,69929.53257562376,240.9389486609959,Entertainment,Urban
69,32816.373215000836,44.0776565825423,Grocery,Rural
24,54243.769277996325,248.59375069109362,Entertainment,Urban
20,48449.130154166916,137.02356288155028,Grocery,Rural
46,43315.7604119683,94.84182625959053,Apparel,Rural
46,46996.611045485915,118.09362803586735,Entertainment,Urban
56,47008.61144533368,110.48872209261359,Grocery,Suburban
55,30256.383122519645,114.11001650538354,Grocery,Suburban
23,48767.351366326555,97.89331893509183,Apparel,Suburban
63,55048.01353088474,171.17573466232716,Entertainment,Urban
27,29837.160459702485,3.8555276318957823,Grocery,Suburban
54,76500.71353875683,26.33000776687939,Electronics,Rural
31,44783.2809392803,36.6903168190851,Apparel,Suburban
39,21503.539802338102,357.07092206574856,Grocery,Rural
49,44535.65826642855,375.4023477272915,Apparel,Suburban
35,45670.446380345165,208.96755330817695,Online Services,Rural
53,83861.34810272211,123.63611371381174,Grocery,Suburban
63,48165.0064966264,163.13914683677115,Electronics,Suburban
69,53159.21979817031,304.5769962335572,Online Services,Rural
26,38432.34367458733,30.998948538399446,Apparel,Suburban
43,72375.36384665432,91.04804509476031,Entertainment,Suburban
39,42467.9246918192,1520.6519375857915,Entertainment,Suburban
63,55221.84618200143,299.27541043259623,Apparel,Urban
55,34813.115773163794,225.0638794787501,Entertainment,Urban
40,69615.58283444494,19.681332414501867,Entertainment,Suburban
34,43669.641919629525,166.0604697646911,Electronics,Suburban
43,31842.61134404585,46.122116700646956,Online Services,Urban
64,49112.17195544609,258.2417927844806,Grocery,Rural
55,69999.90798220516,137.1523897601414,Online Services,Suburban
19,51687.42563896442,20.700691038079057,Apparel,Suburban
23,56089.94112776237,16.086533223490164,Electronics,Rural
24,67617.28438549177,14.048796376841295,Apparel,Rural
30,54815.03495809475,160.9217025119397,Online Services,Rural
44,43391.052844635524,195.60668764590875,Electronics,Suburban
28,23588.353604014617,262.5206944044732,Electronics,Rural
32,64226.846406414596,254.8371421248725,Online Services,Rural
26,61319.7841074651,424.795146910914,Grocery,Urban
25,85470.75263698766,81.924171471383,Online Services,Rural
63,36544.122882719224,314.5361543600217,Electronics,Suburban
23,70672.05454039795,159.44337875429585,Electronics,Suburban
65,40972.39520567936,56.32763673153767,Grocery,Urban
60,61133.17387730726,52.79712309831723,Grocery,Suburban
21,61967.68202434891,384.78954243721114,Apparel,Suburban
28,38123.03839327296,187.11628581039417,Apparel,Urban
68,47258.05040080384,88.08349749897259,Electronics,Rural
45,52923.44234724618,77.12100373334661,Apparel,Rural
43,56479.85481110575,41.147764676012535,Grocery,Suburban
21,60076.42795784942,179.0640762127435,Apparel,Urban
32,59614.344820883955,272.21147798893605,Apparel,Rural
36,43728.69075871107,232.38472948294438,Electronics,Suburban
23,67234.41165662449,515.6354366344407,Online Services,Rural
22,49224.27433579034,178.71884804267933,Online Services,Suburban
35,61090.11222060796,411.7242346459248,Entertainment,Rural
23,51158.67782713714,289.8801219551729,Entertainment,Rural
48,27496.480664988117,291.57584304286934,Electronics,Suburban
42,29386.42155425069,48.43125942700654,Electronics,Rural
21,66437.51673884888,139.7485582552389,Online Services,Suburban
23,48416.363859020625,163.59338182351678,Electronics,Urban
58,35564.49083913259,262.0518424352583,Grocery,Rural
54,73406.80015667918,303.299862339494,Electronics,Urban
67,48947.77448451941,109.84865078181934,Apparel,Suburban
42,53195.29530877694,44.175891292563136,Electronics,Rural
51,41983.60397504435,245.50033130278868,Online Services,Rural
36,56632.59661414648,93.8315209546749,Grocery,Rural
51,37109.05199617309,333.60946868384553,Entertainment,Urban
32,64320.415623140594,141.4478076262459,Grocery,Rural
67,43442.601976168546,180.88911750597597,Grocery,Rural
25,26749.540334605168,333.09931065147936,Apparel,Suburban
61,46190.68467940474,231.70401804263906,Grocery,Rural
64,35899.868642593545,157.86933802105312,Electronics,Rural
66,55154.62823390625,180.8904316677794,Online Services,Urban
51,42422.243493490896,108.09730985560633,Grocery,Urban
35,31384.318936664582,416.41542032453356,Grocery,Rural
47,43918.88821240136,114.00413295937578,Electronics,Urban
30,49956.6320060867,10.454973668076462,Grocery,Rural
64,9582.72405957379,105.01962112667016,Entertainment,Rural
50,20556.881438931374,340.731493504472,Grocery,Rural
52,22904.50130301381,62.025220716981686,Grocery,Rural
69,40920.550549277315,437.22210159276165,Grocery,Rural
41,51716.15344782434,17.803584516564158,Entertainment,Urban
43,54723.83832184176,115.49945668763615,Entertainment,Suburban
64,51206.16203642352,227.93522966763345,Entertainment,Rural
68,72245.6522686136,39.07601814949122,Entertainment,Rural
61,29301.916844666284,8.862410964690724,Grocery,Rural
59,28487.704095432156,275.33510148353207,Electronics,Rural
64,55343.09702724462,399.64265412996605,Online Services,Urban
18,24217.40423003813,178.64826119840546,Online Services,Rural
30,61819.56107113903,69.21753338489631,Grocery,Suburban
27,60467.26481824871,81.85648014585759,Apparel,Suburban
36,71909.02246248629,186.21674522008612,Online Services,Rural
22,40539.1797529279,244.8065684424573,Entertainment,Rural
25,26381.3877339527,22.955202498736213,Apparel,Rural
21,35835.837430979416,1423.478245666153,Electronics,Suburban
66,90966.93535153777,410.25670460075503,Apparel,Urban
30,40841.32167608601,219.25400897346583,Electronics,Urban
55,62738.40600619838,268.94132111818203,Apparel,Urban
63,26490.460496686766,101.36226067128584,Online Services,Suburban
66,77665.43010165842,179.7817182468791,Entertainment,Suburban
63,37414.01855672025,26.049410132232126,Electronics,Urban
36,43986.35815435237,114.69958123262452,Electronics,Rural
69,36288.387688444476,1088.1755205410814,Apparel,Rural
67,84252.67363866125,128.97283944848138,Entertainment,Urban
25,58191.154639802204,100.92224927867208,Grocery,Urban
44,36176.305538994566,164.75134348379441,Electronics,Suburban
67,36664.27464941578,195.62268592512038,Entertainment,Suburban
64,48934.622954405306,296.2127015256955,Grocery,Suburban
47,136367.91986580027,117.3460560742837,Electronics,Urban
21,50110.635122181426,27.226391780601332,Entertainment,Urban
28,29965.80086694318,81.42748249034477,Electronics,Rural
38,49213.23173333197,138.04061308340732,Online Services,Suburban
60,54785.938531546075,56.538053030765354,Entertainment,Rural
19,75741.28947757586,193.20724548546917,Apparel,Rural
38,74176.33111701976,36.45912421388958,Apparel,Rural
34,51325.83728822331,177.94840459783268,Grocery,Suburban
60,47343.97380316269,191.27033572539932,Online Services,Urban
68,61008.403919382356,159.24024969700758,Grocery,Suburban
46,63017.282453828884,203.9956537905345,Apparel,Suburban
44,47738.88616416168,218.64045194926393,Entertainment,Suburban
41,32680.86453358686,99.32269936209849,Online Services,Rural
66,25784.578274418447,61.32426171999711,Electronics,Rural
20,56047.65159994965,58.61809196386491,Electronics,Rural
56,34677.7445569316,1146.8701859082896,Entertainment,Urban
27,61064.51163090144,23.036225526830577,Apparel,Urban
20,54799.98142667352,25.290544134621356,Grocery,Urban
62,66390.31670867682,337.9801528859633,Apparel,Urban
59,38084.63157850588,227.73423854351674,Entertainment,Suburban
43,106174.845315558,322.78009093297896,Apparel,Rural
54,60053.27288225586,177.1846571285222,Grocery,Rural
44,57520.24465180891,316.7047074860085,Grocery,Suburban
22,43158.126482699714,69.09277309323389,Online Services,Suburban
59,50608.29004066422,254.16687017237533,Online Services,Rural
28,63831.725742595256,79.58734402700036,Online Services,Rural
30,24196.775562355066,292.46727980982365,Apparel,Urban
58,51632.0933259306,73.95282504262298,Electronics,Urban
51,42241.56784007739,400.79953275827916,Apparel,Suburban
55,15371.762815467839,20.949630763596105,Grocery,Rural
57,65186.85233716545,454.10801644805423,Online Services,Rural
50,59970.559537899906,407.5570983573098,Entertainment,Urban
51,50871.33321231627,140.33919757618753,Electronics,Urban
44,35242.724036088024,216.45848959599175,Apparel,Rural
53,48551.88079548998,209.93018491929513,Electronics,Suburban
43,49249.00371635137,232.05073623113654,Entertainment,Urban
68,57270.76776833841,235.9441038994343,Online Services,Rural
42,58424.91710095353,42.46018894580729,Online Services,Suburban
36,64643.81599561038,125.63148766234661,Grocery,Rural
38,53850.5248719716,160.46987658271797,Apparel,Rural
48,49248.01781990276,89.15729019714283,Grocery,Rural
46,68204.42054036862,167.67434311100578,Electronics,Suburban
26,61110.62808048118,44.162072691904456,Entertainment,Suburban
36,50918.0796761551,72.58409496565693,Entertainment,Rural
43,45977.49538238429,248.74762025118363,Grocery,Rural
42,59478.75697853792,8.826092378013627,Grocery,Suburban
57,43241.2950909004,221.70081081636954,Electronics,Rural
60,47708.18308670774,103.93455824339858,Online Services,Rural
46,57929.68321657884,199.95866426474547,Entertainment,Suburban
42,58847.33670598036,124.95907326071236,Grocery,Urban
36,53741.07224623668,637.3517185656186,Entertainment,Suburban
21,49488.64697344891,288.4954995460856,Online Services,Urban
62,36250.82631652415,341.0108209677631,Entertainment,Urban
37,59446.919741176884,60.02499162977463,Online Services,Suburban
63,67862.90985252408,190.77668870340847,Online Services,Urban
18,57716.35788875715,144.85539864613963,Apparel,Rural
28,52021.68847917269,174.08621606703375,Electronics,Suburban
21,68355.31580408032,33.62665026387481,Entertainment,Urban
24,55939.94526739247,331.2273385966371,Online Services,Urban
45,89240.99388371722,64.90841784845503,Entertainment,Suburban
53,46176.72639700303,140.9415830609014,Grocery,Suburban
24,41062.00468154117,145.28675827225885,Electronics,Rural
37,51453.08792231537,132.37468259019147,Electronics,Urban
52,30936.606703468617,99.97979402425153,Grocery,Suburban
68,21865.364293543542,177.28851958083362,Grocery,Urban
68,55051.637183824,405.91693892271746,Entertainment,Urban
56,26516.683604593272,380.1214557211958,Apparel,Urban
38,78309.78164497766,319.9574537804715,Entertainment,Suburban
61,39068.609365915225,340.4234533391166,Entertainment,Rural
18,53015.386405758574,63.38448073604816,Online Services,Urban
54,38802.55673745948,305.07997847182247,Entertainment,Suburban
63,69490.90911220707,89.44067752025097,Electronics,Urban
59,40381.96094553752,103.0356892008032,Apparel,Rural
20,42194.29934434303,175.61882494145505,Grocery,Urban
51,44767.55348090353,83.71140724532215,Electronics,Rural
30,49803.87982043217,500.48486068975535,Grocery,Suburban
33,35279.33930476343,169.5093227111626,Online Services,Suburban
51,28240.645907227045,179.57404312551967,Entertainment,Suburban
41,54802.35088203696,7.270257869632545,Online Services,Urban
30,76202.16655450736,313.2682589396904,Grocery,Rural
23,56109.86952277433,20.737328442408966,Entertainment,Urban
56,54667.70814528866,102.17405893754733,Entertainment,Rural
19,54496.42226946491,82.26163240681461,Online Services,Suburban
28,58874.451538624184,158.56104264032646,Grocery,Urban
24,47523.02824314772,559.8986362907089,Apparel,Suburban
24,42127.28674030416,12.107369486114834,Online Services,Suburban
56,64087.656632321305,327.64739850788544,Electronics,Rural
56,26168.793306676744,82.16949572843438,Electronics,Rural
29,74406.38490008304,151.08245984678547,Electronics,Rural
68,46721.69011165311,4.34208711003707,Grocery,Urban
39,35648.428071295,168.2968314077752,Electronics,Suburban
68,51228.78341435059,57.54820731327979,Electronics,Urban
68,68273.58785571213,321.3035483095551,Entertainment,Rural
69,25830.13398893285,93.4951010201213,Entertainment,Rural
20,68697.83937657962,38.05661469677886,Entertainment,Rural
30,54058.602110067106,207.6441424701639,Grocery,Suburban
47,31213.52697690793,157.84643922461652,Electronics,Suburban
27,58712.533317789654,158.4848408491476,Online Services,Rural
69,50989.00736753045,411.25008144002965,Electronics,Suburban
26,49179.52469134229,263.51234204946127,Entertainment,Suburban
23,51347.06677458645,301.3953827074453,Electronics,Urban
61,44601.37140090877,1127.7064241523206,Entertainment,Urban
19,32669.242580446386,14.330316292375159,Electronics,Rural
61,20798.00062485902,289.44744443385105,Grocery,Rural
33,42190.3029853661,165.34239903369922,Apparel,Suburban
30,59775.23417571471,325.0407313800607,Apparel,Urban
65,39655.45943281165,352.81366313156315,Electronics,Urban
30,41426.50871907215,556.1991076704751,Online Services,Rural
39,50470.130139337474,309.2564060414794,Electronics,Urban
36,33285.29330054768,226.7261893509854,Electronics,Suburban
43,54380.480148793205,207.92506414776648,Apparel,Urban
31,50532.733509051766,312.51507182622726,Electronics,Urban
48,51742.99797041466,49.441269938928514,Electronics,Rural
46,63486.41071133576,29.588523052905472,Entertainment,Urban
62,38233.90860278951,88.02345291205222,Electronics,Rural
59,54005.27879773045,10.679965874058041,Entertainment,Rural
39,39923.360103742976,581.2329139265496,Grocery,Urban
24,18672.491645825132,94.08473685460615,Online Services,Rural
54,75457.62832719876,207.18189362222637,Electronics,Suburban
66,91355.59533061013,426.17896376311,Entertainment,Rural
58,85016.14821602742,2.377865248446682,Entertainment,Rural
44,45475.43825543531,1.37248576232993,Electronics,Urban
48,16444.85450095745,386.8425105940697,Apparel,Urban
23,77983.99156255607,81.13494912505354,Apparel,Rural
33,44205.570674283284,302.2187220534676,Electronics,Rural
55,15230.814232467928,324.0720479591616,Electronics,Rural
55,51670.982007211336,281.9011740625841,Apparel,Suburban
67,58723.79160659031,315.6433348646327,Electronics,Urban
49,30389.61837005882,101.38784801838254,Electronics,Suburban
50,62711.83920053368,124.29769291934457,Apparel,Urban
66,32794.80315613166,172.79680021916496,Entertainment,Urban
34,60093.78395419097,29.427863596713195,Grocery,Suburban
50,67700.02898336368,88.90468843850884,Electronics,Suburban
28,73806.26270631031,284.477796045108,Apparel,Urban
30,38414.06524421979,137.62076013683995,Electronics,Urban
47,35468.924924398554,242.23355388014963,Electronics,Suburban
18,34041.649923287245,4.865712547715745,Entertainment,Suburban
47,28531.492478550692,229.87703078476451,Grocery,Urban
44,22000.985697901957,225.96832445840562,Electronics,Suburban
57,18028.042212879827,198.545328843376,Grocery,Rural
40,64335.02542771466,197.9619012619694,Apparel,Urban
37,55517.368068710835,217.08809323597916,Apparel,Suburban
23,64753.66439573955,409.2075651884341,Online Services,Rural
54,46557.4796250898,21.73726423655144,Entertainment,Urban
37,60655.37298162162,238.85101848403232,Apparel,Urban
54,56396.68346594636,256.61162303236773,Electronics,Suburban
23,71975.59189511169,58.77782481540937,Electronics,Rural
46,59621.480934842024,120.93592927156377,Apparel,Suburban
30,67701.8781932538,10.74174981366835,Online Services,Suburban
44,58207.75464974472,71.60888014358282,Entertainment,Rural
67,49376.59062432342,86.44647433159868,Online Services,Suburban
37,54045.983570950164,75.45678170220259,Grocery,Urban
30,53441.83466148285,184.73031181273004,Entertainment,Rural
56,60783.8923538441,415.4077728966422,Entertainment,Suburban
25,29684.371190402537,51.588598223959394,Electronics,Suburban
34,83416.89569163982,200.57792543445635,Entertainment,Suburban
47,37026.54568865274,216.42414165339315,Entertainment,Urban
18,71677.75776535705,231.01131495248165,Electronics,Urban
41,56473.913358897094,518.3493659071848,Entertainment,Rural
33,80890.33359459028,52.58190565908505,Online Services,Rural
28,76566.94935422638,341.0083127999177,Entertainment,Urban
21,29358.64557616362,86.6744627223634,Apparel,Rural
21,56727.38622218021,267.6387169747418,Entertainment,Urban
34,83493.33499090072,312.2005061988864,Entertainment,Urban
66,40939.330342936046,270.82811503913285,Grocery,Suburban
27,37361.854885622626,757.0108830490095,Grocery,Rural
38,39862.507578069635,121.07087914189403,Online Services,Suburban
55,25869.33622311637,40.45620763337584,Grocery,Urban
66,45007.679468375485,40.29942929156077,Online Services,Rural
35,37176.30679215564,133.28443204214605,Grocery,Suburban
27,41612.076870950244,169.4343718348625,Grocery,Urban
62,50342.823336191104,91.72524531249067,Electronics,Urban
33,35955.442512820744,133.70551210059256,Online Services,Suburban
56,46941.84475183519,497.7968535696255,Entertainment,Suburban
32,66877.83568873597,82.9276052093906,Grocery,Suburban
51,58430.815371318786,371.66200537503494,Online Services,Rural
22,44822.311071917284,92.9992964707077,Entertainment,Rural
34,50171.090425899594,110.47663092559043,Grocery,Suburban
54,62425.471541380946,248.40428680985792,Apparel,Suburban
25,42526.92915448816,114.51643388151543,Entertainment,Urban
41,52694.81624034025,100.32156552727005,Grocery,Rural
45,33290.56668676492,77.95990963489402,Grocery,Suburban
64,25989.650106357378,49.97218871149629,Entertainment,Rural
25,68008.3023242248,336.88303635879913,Online Services,Rural
40,50282.6908687835,258.74978494210364,Electronics,Rural
52,44370.78490184871,159.1865930374,Grocery,Urban
48,34207.056415554034,241.88167701272528,Online Services,Suburban
34,86943.6173867867,448.3204080393906,Apparel,Suburban
45,54149.64823389254,135.56744934088505,Entertainment,Suburban
65,56608.97483050917,218.15420569884088,Online Services,Urban
65,38027.12453467126,102.9341179303307,Online Services,Urban
68,46376.20251485493,68.60196479451008,Online Services,Urban
29,55125.57280201213,102.04718814272837,Electronics,Suburban
41,53941.6697864352,103.12809080630893,Electronics,Rural
32,50321.00194247691,19.956445844121063,Apparel,Urban
57,39148.08527697473,4.446163312115075,Grocery,Rural
48,53845.328823602846,89.25213617714329,Electronics,Urban
44,50670.967868072665,226.44181535086727,Electronics,Urban
52,73294.41254105729,229.49612910149588,Electronics,Urban
35,50588.74622983303,88.57385591696011,Electronics,Suburban
53,34925.38255424208,168.09299139007993,Apparel,Urban
25,42805.19479255397,62.05674606022822,Online Services,Suburban
63,54796.55374271918,352.0860000123384,Entertainment,Urban
66,114975.38273403335,50.21466359300683,Entertainment,Urban
55,46560.46706611366,38.587472004629994,Online Services,Rural
22,46207.30470859811,191.1522833480868,Grocery,Urban
31,27305.915940289557,80.74574724006561,Apparel,Urban
55,59809.206299385056,208.68286462912164,Apparel,Rural
37,65344.03735947105,233.7871095181334,Electronics,Urban
61,53132.08669977995,37.25839808118786,Online Services,Suburban
26,50563.46393632572,103.30136727665229,Electronics,Urban
50,62755.77543070801,339.1095538832509,Entertainment,Suburban
35,48884.479778793335,584.111227636427,Entertainment,Urban
23,37526.43147397781,186.62682638569362,Online Services,Suburban
54,22283.542413436513,0.38111671887823206,Entertainment,Urban
19,73138.88409998476,14.187040571787307,Apparel,Rural
47,25448.101592249317,292.79738634564706,Electronics,Urban
23,56828.44380735938,132.8481876278319,Apparel,Suburban
34,57806.53021679806,278.2127026194538,Online Services,Urban
